N,P,K,temperature,humidity,ph,rainfall,label
87,5,159,39.69316731190002,70.40042899033271,7.212328792053522,169.78423896778193,rice
81,106,71,26.413630068320266,70.6994680449593,7.233413356010034,130.4475970425825,rice
84,21,132,38.52905305368587,83.20132755737772,8.251423953582929,285.6777589025698,rice
86,34,30,30.57714508493503,89.57998358672997,6.007053254863782,160.02487082782451,rice
116,62,102,30.49428530485647,41.98916105061379,4.590351993234826,178.0724127678805,rice
38,87,83,29.275487171724997,68.76943100248877,8.734986624651395,165.3582975027954,rice
66,36,169,15.817242848803609,79.18270475075155,5.760011750895533,244.38295340120226,rice
109,35,15,25.991523880964763,50.40293500477439,5.370911645118341,262.1893134487296,rice
82,119,108,31.975602421889306,34.971640289884704,4.502105042787451,144.58619477232233,rice
135,55,31,25.981907276130197,17.109869671347347,6.225208917298808,96.98664309796104,rice
76,54,39,38.36169677208623,23.762145044406925,5.15732373880073,193.23904871088064,rice
54,126,46,26.882570337412783,73.39757173234322,7.976415970491742,106.5724409901314,rice
24,134,114,21.995489372255022,25.95471988014213,8.406476481423605,212.65964021905037,rice
70,93,75,20.939085913445624,92.81012228786926,5.681711150102537,197.22025399523693,rice
98,42,182,35.3428982364048,43.64681714706805,8.111767716011514,233.6082796111835,rice
127,137,83,23.386685287247563,42.612279591469914,9.430053722807875,64.93900739176048,rice
59,68,158,16.22183281517901,98.2873773192986,6.107321550608418,257.4679050738825,rice
121,106,35,31.347212379237128,37.23559224552726,7.1309910333017426,48.13521907137424,rice
47,20,152,30.274320631826487,85.56191264324367,9.348413532551309,285.0187167807654,rice
82,89,34,37.4898413694009,43.39190639463567,7.529027634585022,207.46754929866515,rice
54,11,187,27.81632712004154,97.95057794808936,6.835945259448754,40.24068224342778,rice
18,116,193,36.46093010759763,80.39888625981258,9.059721859647848,119.18987126897412,rice
108,95,66,26.30185218970891,98.90228364590712,9.897798959366849,205.0742180675993,rice
128,94,118,38.51750026311522,19.12229155558562,6.8634046476429855,47.713414344909964,rice
44,90,167,36.86326276710874,37.84611097865522,7.1456947984388295,245.30048507626913,rice
87,97,146,20.047335750812092,19.39463766700605,9.248049897067082,31.3421954060575,rice
16,113,164,36.21977227754505,51.046922781493784,7.710194390875281,287.45513256805907,rice
125,126,26,24.461443410701893,96.1810302840807,5.628629367656222,75.88574327604815,rice
94,56,202,32.45449615727897,92.87675968211985,6.18411147381132,168.1944704239023,rice
49,130,58,34.57773477861111,54.70846616487332,5.062215193644797,288.08129067066943,rice
82,54,196,19.752801678580774,97.48055045862905,9.067502697460368,196.07418756968906,rice
101,21,97,20.152726369166107,52.110514449140624,6.005583425638376,134.5370546337216,rice
91,50,165,28.11200349790308,83.20913491317226,6.47738059630396,65.9498400753872,rice
101,16,163,29.43549767734236,91.18249479786478,5.597358337893099,185.7332675373551,rice
53,77,161,24.331427309410962,32.8306261764005,8.749263887923766,27.460495094700626,rice
99,123,75,17.36999320960888,55.63123108608407,9.07328412206171,57.270321579354196,rice
134,53,99,33.91302109165222,70.58810471511103,9.81437202223836,90.78809663067713,rice
25,12,160,24.546124308858225,18.624853127630377,4.6415186455874125,266.92663259026494,rice
4,83,158,16.91742886862436,58.0394644338806,9.842830588284487,33.13050941913248,rice
38,12,102,20.034702435996532,80.91448119631572,5.157359372532873,34.73984786228428,rice
48,121,177,17.332671620810828,65.01660679673601,8.192840145384734,135.14967403704966,rice
78,9,34,31.321232239332726,97.26666644583983,9.254666938662249,210.7037280770068,rice
56,85,28,21.804668678200798,42.480963436593385,9.03258729168419,235.7099548169097,rice
13,88,118,39.13986913953613,92.61292580897967,5.589573297805548,287.25628221983743,rice
17,41,115,37.85289812126166,97.54601675399321,7.473765390429221,278.6338637233471,rice
40,98,77,22.454465839349666,95.2884875405907,6.6756736427223595,174.29505698396062,rice
94,84,31,31.657419664592744,64.70352538500384,6.475020039996494,123.62025031165729,rice
19,87,44,21.676874661967695,44.36769533982854,6.263655565172509,162.05871003234543,rice
14,14,20,26.54173784260867,75.72445332866485,7.313965892193507,283.167085564286,rice
22,14,162,36.73515866900746,66.55072334812537,6.979531758383888,116.79537446319193,rice
128,114,190,39.332158563123016,80.53541036361403,8.906485229643142,165.75534751019015,maize
53,47,36,24.510377863407523,32.65023095841358,8.71937885782679,284.3311183089909,maize
130,17,84,23.991419236505767,64.8570155880087,6.283301580356024,223.3900876050182,maize
128,67,169,36.27217461609733,38.887936218695785,5.034362295641861,288.2924634686486,maize
11,59,48,29.70109161734842,87.7641643335168,6.591600662672725,71.0116229654359,maize
32,100,157,24.845152360316042,18.58920070393332,9.317263446876494,129.1017161237349,maize
58,69,76,19.872260037410857,32.008456386437025,5.996576344843778,272.2577932214089,maize
74,111,33,36.897775362609536,35.408880898891475,8.97249626615945,218.62917398823,maize
61,74,74,28.645888014053952,67.809689707682,9.718944695216887,211.85396337175843,maize
130,17,197,20.008119254946326,46.27332850980597,5.384939171194426,151.96721428030017,maize
33,20,103,28.757025028977733,45.86969401115297,5.784775301554842,39.1661973235942,maize
98,139,116,20.32752542923337,85.25391639342303,9.00687305014266,277.8345647233978,maize
81,123,83,31.29458043571826,92.14501510361154,9.213056831876239,72.47554751082963,maize
69,6,105,36.083294393390275,38.05178443803534,4.706512066837306,103.04199119043008,maize
94,20,13,35.28660620433659,60.43042658457328,6.561566660232248,285.3542196688113,maize
44,50,32,37.16651286790974,78.82572825817427,7.889382689363482,61.578966903078616,maize
63,103,61,30.274161857653763,22.193140796431177,5.029998453682012,212.11929008837552,maize
98,72,14,29.722051831799636,69.79408074110248,9.645870816989493,229.70838409999874,maize
31,116,70,26.71714155274584,41.83979557442397,7.109849135978797,143.0907999617817,maize
24,116,50,37.03421242787778,86.48336633203434,6.698541557711608,88.19596983205048,maize
115,107,144,18.799787994381866,39.688873885195754,8.817111780907027,48.08880659683615,maize
116,40,63,25.027304821927956,97.24716529023583,9.097874554749554,123.16526481402241,maize
99,143,198,25.618451070408643,34.37917130175627,7.686961406380952,26.20663606173999,maize
120,138,200,16.37380174948076,82.5963552588739,6.503690757223274,154.31566222742856,maize
130,107,41,26.934585812954232,83.17314895941621,8.566183730720528,107.34388612246558,maize
77,32,88,32.70589552114251,29.019735540122298,8.037971081060372,256.98497007465295,maize
18,18,66,31.236786881943914,74.3737570923548,8.018161358786806,277.59675827829216,maize
69,24,49,22.025301542936365,43.74806111152992,5.483566923092977,100.08875550591333,maize
67,5,143,16.82703930969477,44.925947437649775,5.979885249049912,226.19091295152768,maize
18,96,104,26.108737388723643,46.02893528796506,5.9845091021813825,40.906321584828405,maize
60,28,127,34.198287972899536,40.554079869720375,5.431391466353882,194.2378894210268,maize
125,136,116,37.74957103862637,95.12023783566346,7.285563041709921,240.34144926469318,maize
114,88,151,24.0848190204789,91.01899908057567,6.971936498138364,113.34115699599381,maize
49,22,167,27.657028831278623,94.20086448078501,7.567754316066089,224.2796879714984,maize
20,136,141,28.424886861978408,98.46572092809839,8.41469501544872,27.798744792109204,maize
45,91,71,37.71057101931225,40.38741518472286,9.669519351744848,259.228381551815,maize
23,128,9,38.21880076964995,52.869631036233514,8.735218468561662,211.94397143962283,maize
29,56,161,16.549954926428455,81.65982096169756,8.923626190608822,231.65537654357468,maize
49,94,32,37.184867956942924,55.81457853651676,8.889146727150608,64.34455306303836,maize
9,137,118,17.776262014529596,23.442132298197404,9.091261193004364,208.57234374073533,maize
35,132,168,26.01427526575743,43.664522159443536,8.539785478678368,228.9839984349931,maize
126,144,178,15.585565292025194,58.955208806142046,8.074383632071859,75.43584271806982,maize
105,114,11,31.92238429920509,37.731436126861965,7.961002101389433,281.1193869681697,maize
139,119,164,25.54659316249591,33.304624391476636,5.0317184838462765,33.2990881917717,maize
81,75,87,33.28232192710193,73.48896497596661,5.887595232763383,44.86731269091144,maize
24,54,34,24.00657793639436,32.99828944125149,9.196145144043118,39.92008996483636,maize
12,95,10,28.058075878029417,51.48173534951764,5.990326385747328,199.25608874133272,maize
13,71,145,28.345531778490102,78.1729312782858,9.272378417244097,216.14424358716866,maize
79,144,190,19.106897525703623,46.85073870953225,5.405513247498656,233.7306708633354,maize
86,70,79,37.55963293381511,35.67349778910642,9.03159631908583,70.31291580103037,maize
92,36,164,38.763051541436276,94.96556166642824,9.81754082794343,222.47872776489652,chickpea
70,133,166,20.609926478330433,32.47456031307199,5.426533885211968,285.66225913535476,chickpea
21,31,195,28.32397713503968,16.04193410693782,8.391545493831034,208.11842593019136,chickpea
87,84,54,20.97809357988551,25.439367000805472,6.282351942685101,232.23200842467304,chickpea
67,14,115,25.515039503138134,65.5779266770315,8.532532525576189,80.2149774275312,chickpea
104,113,179,32.30000400381156,62.50689848901786,8.80880419054837,35.411409139211884,chickpea
6,63,23,38.612591808235905,61.648910028339145,9.28413353587934,245.0647964635346,chickpea
73,119,50,35.3511622177613,26.879175672229163,6.059156140501778,218.79905179165067,chickpea
100,14,51,31.824205889831102,95.58124326164231,6.567190416437405,39.44719317646002,chickpea
47,97,97,26.80618319222081,27.63606225399164,9.068903841397722,184.2617727122989,chickpea
68,100,17,32.913911442803105,26.945125062728987,4.834759392194952,221.76645429684152,chickpea
138,70,99,39.50958323588894,50.8728811804429,9.040352975777306,248.22032809286569,chickpea
115,136,79,32.46762753390616,50.58035034780838,8.17664955377562,24.50414960678667,chickpea
52,23,44,25.0855546983189,48.77857408610147,8.688776971966899,202.96617162290084,chickpea
16,13,56,22.318592371212993,95.27268545899979,7.895029063960304,260.9909132856665,chickpea
108,62,115,19.02582671344547,40.90679550444531,8.941191278711992,245.88361445981167,chickpea
33,134,109,39.414488103438245,82.90518809513055,6.4462733990050936,285.0283711281984,chickpea
125,84,143,24.112204583082953,60.864244500527164,5.481789969162884,205.91099352012984,chickpea
47,46,74,18.482368755461387,36.107836425374764,8.952600841579871,270.402800399785,chickpea
35,139,123,19.759467470000846,81.85456733049905,5.067748761714856,55.15176076833891,chickpea
116,50,49,25.51245892023246,89.59120262793925,7.488017291559048,193.70740222206467,chickpea
10,15,24,15.867320814041719,41.53336540621072,5.6541269140640535,266.8894198903856,chickpea
83,44,9,26.030618668880948,64.31225165507092,7.4178726646118305,209.86657544171453,chickpea
121,85,21,25.920214752023437,15.349272466273002,8.705774216506041,120.90082724945971,chickpea
124,112,58,39.665341980886794,24.39476176901882,9.437963214720064,275.6773095416744,chickpea
136,93,79,27.02606947695175,73.48177219030268,6.622706673833281,131.7250331532009,chickpea
86,85,39,36.762277141186416,65.44583618926696,4.911435420943229,177.6844808483969,chickpea
51,137,115,27.77911908598148,39.92464849043943,8.130451687750597,45.63189914684786,chickpea
27,62,81,26.247455110546607,98.99905510970085,5.218556625825431,220.49774108042945,chickpea
114,82,79,25.70798708704068,55.1657750138653,9.407076069510726,253.23932295071182,chickpea
59,37,35,17.50715844379802,53.74715687656868,9.723497922374285,226.81842680966665,chickpea
28,11,120,23.957833467580528,35.45298526804823,7.494185150033096,111.87931699485317,chickpea
58,31,107,34.46725108566559,47.47091263914445,5.050223499844604,99.38149635675128,chickpea
13,81,87,18.850937369808626,21.853702990559007,8.17990300538187,58.37784269411347,chickpea
18,44,49,26.1219757796562,85.63052403414795,8.64136110530143,84.12770371601829,chickpea
90,14,188,28.619959045475145,42.31405898086821,7.935227260825469,158.12087666618336,chickpea
106,92,181,33.3259833110734,44.58673008205156,9.872651404557631,136.69378684835004,chickpea
139,98,131,36.18805112942458,76.2953639366657,7.0033986560838075,161.087472768074,chickpea
59,15,158,24.8122591543062,42.648673383410184,8.585632138957521,78.10092302005667,chickpea
95,80,13,36.80242122128616,91.65646925819765,9.192635911752653,38.19655550370153,chickpea
19,101,194,20.90116409937568,42.13710577657841,7.957302586869523,90.17634243179532,chickpea
68,127,82,37.85054987780258,54.77074711019058,9.501677072650267,49.0161106451461,chickpea
47,41,70,18.06866292999942,31.967579528952694,7.4372660557501575,123.6219568937933,chickpea
118,131,52,28.17979370248352,80.45564595515125,5.036607945353884,69.15570871524362,chickpea
78,76,55,38.64445506407194,19.56521436528377,7.195198844923392,175.50411125847714,chickpea
5,100,133,36.2601962715713,23.482229419243204,4.656215235142531,244.40816857294533,chickpea
73,111,77,17.207407748094607,60.71026091264563,7.522975253556563,75.3134732793354,chickpea
91,95,29,29.813994625017507,69.20941276715051,6.572244574188448,66.5497175613378,chickpea
94,38,50,23.089237878188253,20.843402668425266,5.37589212117172,264.40680156015725,chickpea
31,71,49,37.56247219011878,28.249899646034972,6.842009382771161,93.45383818732691,chickpea
91,56,190,24.403848080289574,27.24226260676638,7.275405169288137,65.13064188240944,kidneybeans
60,14,5,31.170895949682702,62.15857993579983,4.618331611898354,32.62259331810429,kidneybeans
14,125,195,22.755183770338423,96.09359255110898,5.06930964097861,257.33161862496115,kidneybeans
33,41,24,28.803394320169303,34.81789207399619,8.350087379751361,88.84668832648144,kidneybeans
23,80,111,20.551532508543318,14.695710549239058,6.785085103492068,221.4992591533665,kidneybeans
56,56,114,26.05818413124383,78.5296396643403,9.579336311174186,177.83616206414928,kidneybeans
103,81,41,21.228764273763904,63.20715583283907,7.767651526507516,279.76552528026133,kidneybeans
104,134,40,15.06242509759152,23.53571442866093,6.748991786428228,232.01993499168577,kidneybeans
101,75,161,29.756241850917277,36.3876678023705,5.1810024661225675,278.6643359661283,kidneybeans
56,20,202,25.34603964069983,92.95256433851125,8.433802649631874,272.0769605164773,kidneybeans
47,119,186,28.90543151258675,69.64996670364013,5.3572310713833335,184.60839844104927,kidneybeans
84,99,147,15.204780023748924,43.483887474335596,5.512588468253478,259.4429737395802,kidneybeans
71,33,134,18.850228996088347,83.81608956478962,9.29136644038997,190.13527193144077,kidneybeans
27,23,79,19.010149111927618,14.280029988551044,5.353593147757945,158.0930573553083,kidneybeans
6,111,6,36.74303706545379,24.671078376489984,9.131215465171499,211.94718157782745,kidneybeans
47,84,142,19.471739437541007,73.04298590484375,9.299628343365267,177.43300241301492,kidneybeans
60,134,191,18.721037712470544,58.90490469407905,5.680481929741427,149.77177620379086,kidneybeans
44,66,93,21.22277206926336,62.75174979477717,9.594232110222185,237.97741730818993,kidneybeans
38,105,145,16.70401223929874,54.14202146708714,6.964692377436103,147.00297644950047,kidneybeans
58,74,16,18.40460545795476,57.08799658307182,9.420205154029949,42.37621075469736,kidneybeans
11,99,10,27.99943102390507,54.209997201264095,8.059954252457588,157.07697137872495,kidneybeans
77,12,202,21.19098469068189,81.02855058551938,5.887958700361163,177.02585510516045,kidneybeans
73,23,115,21.858352863941423,23.21702829891918,8.275925524045261,31.589129484938702,kidneybeans
42,25,116,23.484099896247205,26.798824114275693,9.380001437883232,164.55648453478085,kidneybeans
5,112,176,22.886119340616567,64.38002686019703,4.843793543908427,160.08967410973,kidneybeans
132,129,149,38.32050269791863,92.03287357142513,6.282752518173048,104.82552101372576,kidneybeans
6,43,141,20.117438709507923,49.12649312595352,7.794862950251155,209.90888330218678,kidneybeans
2,142,12,15.364743314035781,55.576719324216334,7.7714845683356994,275.10506084607266,kidneybeans
134,43,70,15.448305168134619,94.6290151162014,7.5622217762148,265.02405352681416,kidneybeans
6,77,31,33.78315140387839,18.481167690774686,8.80269633449127,95.46030273939903,kidneybeans
97,141,112,20.32604414972638,95.14046977036102,5.292815492629458,182.25304907746352,kidneybeans
23,140,104,16.016724264624727,80.76929106672063,8.368656033151112,182.16535742864153,kidneybeans
52,81,82,34.346245502028204,90.22062585522555,7.64868066104054,54.615855825351865,kidneybeans
99,112,81,39.54590974400009,56.81988889172178,7.080420582755175,140.01289225094231,kidneybeans
116,40,99,23.391572927945045,96.48583170840841,7.390447583588091,204.9017134304989,kidneybeans
73,112,155,18.743702113816347,25.612965858204156,9.24473979291309,129.0799803887871,kidneybeans
46,48,25,22.580286298357386,54.41496391218575,9.479087468124828,191.35571669521175,kidneybeans
136,142,201,23.627880317030343,96.38968157376216,4.746124512908622,186.40700450131087,kidneybeans
112,89,37,38.812827395099916,61.64906234419616,7.514131111816288,218.04207908319046,kidneybeans
80,82,129,32.32778821456463,86.72085823029227,5.026185257168276,56.135014903811225,kidneybeans
100,52,202,38.923309946068635,45.095868370387066,7.922218275341089,250.45527992114856,kidneybeans
52,129,64,18.81347159871219,66.10530258458952,8.954654524343077,271.53814955423394,kidneybeans
128,112,108,29.561679572895006,83.04100382737758,7.740115468926212,167.0079737688183,kidneybeans
9,14,145,23.467831180247792,18.444421226421273,5.236264756163327,33.418495320378916,kidneybeans
84,136,124,27.44941771850167,33.19613684743946,5.8744308743411775,237.533865247057,kidneybeans
37,64,143,30.809851345659837,68.56289947644645,5.402962865941828,79.76136958235733,kidneybeans
60,68,147,39.7078455549433,55.306986940647775,7.663718520883722,145.99548839937057,kidneybeans
84,74,59,29.59818242493575,18.312362095049348,6.492919684439358,62.515767844379916,kidneybeans
105,23,72,34.86022606039043,35.2998380133181,4.830700227365556,193.7610934568415,kidneybeans
61,55,27,17.78394736795431,81.45797614084077,8.114189418702393,26.32048365766125,kidneybeans
68,71,162,37.13178765095356,62.77280097441724,9.138582960651151,137.98090340799877,pigeonpeas
93,120,11,22.975477045796854,65.66666306235726,6.222887677811357,262.7911896383405,pigeonpeas
92,142,179,24.29992070909685,33.839511375222195,4.609031293256952,119.55584848586615,pigeonpeas
78,104,170,24.674754680765293,86.3153077852417,6.716268319540429,212.04749136977344,pigeonpeas
42,34,81,34.70072349992356,80.086728734205,6.062008189428564,209.23350994796309,pigeonpeas
66,63,191,21.02620038624543,56.63686415566073,7.758091706801411,133.17588505994155,pigeonpeas
136,25,102,15.160852947542942,93.32694701888285,9.13942806085476,210.32760379292898,pigeonpeas
99,91,27,29.81876484716123,24.386902429835672,8.341171462861364,38.91108082266241,pigeonpeas
57,139,65,27.784354894465782,38.02417718598969,6.645815132359149,174.6595388168673,pigeonpeas
24,92,170,34.87292922798478,17.009735798948228,6.402645629685987,191.38434111937266,pigeonpeas
27,136,157,16.65020905925445,43.954770161854036,9.834611021952695,125.50646131408934,pigeonpeas
119,125,126,19.470177912421246,69.55923569593294,7.401728889901392,24.66474385639126,pigeonpeas
50,14,15,36.91455584783482,94.00888388518283,8.281278247439074,166.64445014473526,pigeonpeas
113,129,77,27.30319171623821,62.45267127368913,5.3748001550347855,130.33573365599472,pigeonpeas
132,56,191,22.55331680473106,67.9466747109809,7.909486431709789,29.450921915675,pigeonpeas
60,46,69,32.21252882300668,23.125315208953367,6.6936781540897705,28.01712222339381,pigeonpeas
38,33,21,20.042078481380262,96.14242548383956,7.443742752671307,55.39281599619863,pigeonpeas
51,98,192,21.572324651211318,95.0553416796049,8.69130168452598,239.53496900559222,pigeonpeas
17,81,62,26.372486258537073,85.76955035754818,9.687671014116862,55.28516182623729,pigeonpeas
9,71,9,32.932805929155386,73.96998132736988,8.913395158799748,74.68365891860068,pigeonpeas
65,11,115,28.49726306775457,74.67961410925896,6.164942247367715,25.957479177267313,pigeonpeas
102,20,72,22.18304208039738,56.893737928674526,7.64622585508794,135.99122703221244,pigeonpeas
83,107,179,18.017440600018848,14.102907219623065,6.959928688903606,174.08328746431283,pigeonpeas
0,90,31,25.54698115367818,62.24603656820571,7.531186652286885,150.2893527175845,pigeonpeas
138,46,151,29.57232746307563,23.147758965969583,9.10423320769018,265.6300584220477,pigeonpeas
118,129,194,17.615306487364936,81.85450900285643,5.6018917847907765,216.83361916105153,pigeonpeas
29,22,86,18.192409797113456,70.06568230184172,8.22447431971215,110.37000452004702,pigeonpeas
102,72,13,30.551265187482713,97.87955302826339,7.5075876287545205,62.765245854823796,pigeonpeas
73,92,54,28.68877866060133,60.49419364630649,6.3430239743335255,140.34913159903982,pigeonpeas
68,138,5,32.6538254774098,15.94732514242301,9.66885232782046,77.59672935618275,pigeonpeas
119,138,22,35.47857233256954,49.15849475598731,5.046406883090979,196.93668672666203,pigeonpeas
83,116,202,19.578629826883283,95.63091593702461,9.889651014880277,216.21143728340078,pigeonpeas
100,23,201,29.25931778164646,38.58315970664922,4.593662018476508,182.72283376122144,pigeonpeas
127,90,108,22.675583410372013,86.566718815139,7.450598889032322,251.63237446010547,pigeonpeas
86,18,83,25.774745745950554,87.16089526260761,8.458674521210115,28.87410766727469,pigeonpeas
1,144,110,37.491807314718905,16.48021787082422,4.5427408346664615,177.94049396851858,pigeonpeas
45,89,81,30.452483138583858,49.462348872170004,6.670910889593988,273.0897620012795,pigeonpeas
66,68,29,36.002194878871585,43.93504238281466,9.72201030899868,130.25031773930345,pigeonpeas
81,126,138,26.074276882649592,94.67032568766,4.828158805839423,257.91139341694185,pigeonpeas
40,135,70,39.837040984870576,87.62506870862514,7.818847567914722,181.445009939239,pigeonpeas
89,49,173,31.3532328222307,19.421379713626933,8.984360579420178,88.53996120455825,pigeonpeas
80,49,9,16.30529871692983,30.783600885548918,5.827888812800801,210.04311019353986,pigeonpeas
64,36,20,15.490095785627757,78.10720208091446,5.060553192268827,174.8387789419913,pigeonpeas
122,76,35,19.69282099113536,21.060893110646063,6.053485062546275,204.22202910662352,pigeonpeas
75,94,68,17.698946156608674,85.78040664841961,8.118683200761604,190.60597388773726,pigeonpeas
9,51,67,39.08185770441783,66.682603533984,5.065744534118487,103.25621364740879,pigeonpeas
78,131,188,36.441231216171374,97.91469430214705,9.24538720634051,236.678749115105,pigeonpeas
128,138,96,15.331415425205616,46.46340530473313,9.610797355732032,50.65694018448822,pigeonpeas
113,65,120,31.42518589680195,82.37461516216528,5.689044649093953,108.90180928754035,pigeonpeas
3,142,92,20.46680734849632,23.149962221131712,9.224334606967725,246.1337306123816,pigeonpeas
61,9,95,30.874244489367328,72.42357357585344,6.488395776992071,95.54164822850508,mothbeans
118,82,38,26.735401128787533,82.68668571215723,6.978772451082326,248.0752221100026,mothbeans
38,120,40,38.98777155981313,48.396523629317386,5.1599905384021305,256.3287226917481,mothbeans
66,68,38,36.80221976882039,71.50007106313673,6.583040117096059,281.2854663086263,mothbeans
52,79,119,39.05123309973174,49.5473356673205,5.035805999747721,288.0731390581954,mothbeans
128,12,144,39.79477650918413,95.85601171447536,5.696535487940678,145.50865003247415,mothbeans
128,124,112,32.05294007977138,22.7082587213675,6.160099105590239,231.65833090937278,mothbeans
38,36,112,28.064664291254523,89.63110058155246,9.322497988308434,201.74883801538505,mothbeans
13,86,99,39.956624089145656,87.76294883368902,7.505582937946172,110.1591571760354,mothbeans
124,80,126,26.36839113907289,92.94703071143583,9.225364185128784,92.33685368878166,mothbeans
42,98,58,25.755238467721455,66.41857136730977,7.397242808066313,117.9200006972784,mothbeans
63,92,77,35.329899545632514,54.410541424994264,8.999359220814572,176.30230807290366,mothbeans
1,142,98,36.93547385274486,44.281035834655164,4.846499350510539,255.8899436800628,mothbeans
23,91,43,19.524658802004055,84.75134159021907,7.535003502395511,48.24444185728337,mothbeans
42,23,13,20.824627224504066,71.15145790989533,6.258043006026985,180.93086239519005,mothbeans
23,133,125,36.41125034234393,63.16209908044122,5.042516730325354,164.33268283689583,mothbeans
129,119,74,35.34081539211673,74.26049929178467,6.6649846761340585,223.73730998059844,mothbeans
72,5,182,22.252633380832506,63.57963513490772,8.014765607682042,36.47713648411471,mothbeans
71,102,185,16.821779980481335,15.368501146419419,5.8762350499847305,123.80853005198654,mothbeans
131,116,202,21.835179627898892,89.8317203923076,8.163156316498187,27.205114619004107,mothbeans
24,61,177,35.80292441561184,96.13147046545097,6.362009274888104,173.9324150388326,mothbeans
36,129,179,30.707432806574158,50.52755669370544,6.734490754248891,54.099540666412516,mothbeans
134,9,140,29.391955399989598,14.305261444560564,6.062422808864515,119.65651783522671,mothbeans
128,108,196,15.358667758446657,83.28637226168495,7.785088902734032,125.06013789376887,mothbeans
5,99,123,35.17844115248502,34.39834789081232,8.51965593132641,230.2311942951931,mothbeans
40,11,24,34.85507380632636,46.26832101180929,7.2061297732825125,104.89440105739881,mothbeans
49,18,23,36.90365058774703,34.4327086774788,8.38243693247679,247.28070132137867,mothbeans
128,111,113,21.6209501837349,69.8288612564363,8.18987273776204,212.9848243202606,mothbeans
68,57,13,24.636133577737187,95.82416975485775,7.4898586804842155,22.043097385428336,mothbeans
33,24,84,16.39508076626578,39.96565170103362,5.244767831122462,68.21088999067335,mothbeans
84,127,11,34.893191399983465,83.94426488352532,6.341185190323827,54.77014564453045,mothbeans
57,91,22,26.523580155392104,15.080565972342987,7.132966145765437,138.8708859469402,mothbeans
23,72,110,34.88707529508092,83.4905062857003,7.3071801510911865,201.9678284977989,mothbeans
136,36,108,19.9560210587669,49.20807239684085,9.040275644884625,98.92683443897289,mothbeans
10,72,167,16.400942212461885,70.37853294326106,6.5743508804523545,163.36758749184236,mothbeans
4,19,57,15.244609875126436,62.049188950995024,9.485803348866355,277.6342283446938,mothbeans
110,87,170,25.899569251519253,15.18447386830517,9.628313595435873,171.85703587812006,mothbeans
18,71,27,25.02304006904153,35.68138376761801,8.919588135948423,139.2463173046409,mothbeans
9,81,51,18.771887583139808,65.94330849845805,6.37318004658067,168.88949370882102,mothbeans
113,104,194,32.0290972982604,42.822288059230615,4.711650530395285,245.9332523174773,mothbeans
15,132,168,24.17989688373165,43.888899995496615,7.55324101075868,261.4360657349577,mothbeans
70,55,141,31.849153523236264,46.04632134911108,4.568581529095991,102.4321988076099,mothbeans
119,44,77,27.629013315820085,54.05732782826824,5.3795317387496,252.4903108658194,mothbeans
53,78,13,32.968137896002794,93.65272341259428,8.482377930912488,215.51544623705402,mothbeans
96,61,201,16.588002880997188,60.109394050641015,6.324056795702178,74.35595761477124,mothbeans
54,65,70,17.361123148595286,41.40560572774572,4.994423284340684,203.14925774494193,mothbeans
110,118,36,32.317167333263356,71.35535969687265,5.161788061644667,248.00310317507927,mothbeans
82,27,197,25.428539442895605,17.28755451643814,5.477812322332763,219.99025887149196,mothbeans
85,78,88,28.951665568295898,46.81937615061307,9.008544469799519,168.80250546167898,mothbeans
24,136,202,22.79120934393842,31.521261701741565,8.405729621102298,155.13000248122577,mothbeans
45,68,126,24.39456154689207,42.57339475444132,6.708614638920607,97.93765809331326,mungbean
74,133,110,26.83427526977231,24.16001312252204,6.949687211351989,219.34584839593393,mungbean
110,38,38,15.501893663342468,24.229916560634784,6.917459886913319,197.23563535686102,mungbean
72,111,63,38.37369684610154,98.45631015415204,7.684242333870614,155.07023459962556,mungbean
15,86,140,33.97902090125984,37.077176866111124,9.536787994228833,254.58789269862032,mungbean
37,127,83,19.85800129794931,69.82517888479,8.936955170019909,100.21342284126011,mungbean
89,106,171,27.062469268607803,76.10277272680528,9.21655636481135,44.110489929808736,mungbean
138,137,42,26.911686335679658,74.18502545742709,4.8140584820204335,244.4823125572019,mungbean
80,90,199,31.202792252290553,30.993051909884876,7.84410649265463,152.53998123071656,mungbean
106,78,64,32.51179759417155,72.82375988934304,8.684366837581633,182.91942602448282,mungbean
93,66,51,26.75100590003619,27.130988759867027,6.29332557054135,176.04658284328502,mungbean
92,63,39,34.93145297890884,42.52744077490447,7.270172109878349,238.39441816336853,mungbean
133,119,26,31.882449999498917,92.88733779248638,6.231312552458266,46.87326953621529,mungbean
34,122,103,35.874434085285856,94.47125461478741,9.677632733765368,80.17226572333972,mungbean
18,134,107,36.613359876997144,65.4609144357329,9.535272007667619,113.86148378156761,mungbean
37,79,130,26.32891279867428,85.69999342931872,9.334489283987509,237.12506198113059,mungbean
27,59,21,37.30258083474321,23.606612119493985,6.2176477559615755,160.82253457223769,mungbean
94,129,101,32.86834014469094,71.12083609662947,9.51343126089906,131.40052651706858,mungbean
90,45,96,19.78997003799624,85.07099266112614,4.52536918923503,181.24238130643948,mungbean
38,121,22,34.63550166099194,90.08192550291105,6.331342581383673,34.42064508047893,mungbean
79,130,100,37.617827372613384,18.66063200596569,8.713858740239123,72.28439599938434,mungbean
94,121,161,35.63996655193795,38.36972579137688,4.514744305782506,106.16745651163129,mungbean
89,39,63,21.763596639099116,84.68845575432385,5.564275438298422,136.49091802835855,mungbean
120,32,128,25.27469566584612,52.389223766966836,5.761482871465181,126.6900847234624,mungbean
69,31,34,37.542446572441314,62.89640367622197,5.382563932953302,163.30051344604257,mungbean
15,40,153,36.128013177168015,49.29396635521446,4.982973634410871,122.99240742135387,mungbean
85,94,132,19.834779366989597,31.31672979986502,7.850373562837401,136.5677587739705,mungbean
123,110,198,33.74467208672236,97.11874297791242,9.472796898562217,279.951818858856,mungbean
17,59,90,37.385443945388246,68.14448003177085,9.311823967924985,61.68769354503429,mungbean
98,81,63,28.08295940263068,22.98068998812286,7.299701107696796,241.07285771310288,mungbean
36,8,172,20.553575666869065,96.23768607106724,4.570135223421761,176.80793214369524,mungbean
18,58,171,32.31902052758722,35.98271297871831,4.9752133764400766,144.12582285546955,mungbean
5,89,166,22.93377922172473,23.231539353027966,8.909474222651538,122.86358136568313,mungbean
50,72,89,18.46493560739018,47.64778788505473,9.462646710864274,250.51828738432445,mungbean
67,33,31,37.74824902148371,18.289361100526484,9.196293717203696,71.70196983394084,mungbean
82,47,86,29.17958191891191,90.61872943422473,4.735574728362863,151.80923338556792,mungbean
85,46,18,23.235117417784018,59.50333436973295,7.28441091264457,120.62728170390184,mungbean
1,119,194,27.412693992337882,54.509989336120334,4.642939667263534,56.7036837828264,mungbean
38,28,42,27.6296704836011,92.8356190395457,5.873105367137893,128.50435038465875,mungbean
122,82,163,32.091009616348444,48.75463170028706,9.77616391372364,112.32211483265911,mungbean
135,80,100,29.429229829827374,22.935920441277432,4.556934061101947,45.67731451528105,mungbean
111,7,117,24.904169516958312,78.92250931817743,6.626816966673552,223.2438040585915,mungbean
40,58,181,33.41588375373262,68.37305362112036,6.165799998674635,92.11530155854844,mungbean
115,22,7,25.35458833968563,62.646425824360364,8.307679752143958,63.603461156186995,mungbean
17,82,33,28.596483253915558,48.53570027104875,8.459896256995757,50.35665705035659,mungbean
17,42,5,21.625124177666326,33.88057993178734,7.680881205074608,75.42678051358932,mungbean
27,62,101,29.32014036520186,49.98677945933217,8.329535034406684,100.8283675175085,mungbean
87,58,70,17.468625517115044,52.191716784330914,8.118790024120466,152.6957520825573,mungbean
19,40,134,25.31003556967586,39.08063793693589,6.727015363680314,251.60099711868412,mungbean
4,5,39,24.419290674886447,79.18332859675856,9.331778240546472,23.871765577711667,mungbean
101,23,99,30.668186066092822,27.340882444635373,6.530939937128221,27.537312456755956,blackgram
68,65,200,19.95940578090985,44.15690778563736,6.227515033560825,88.26201420760763,blackgram
2,59,8,34.958835872905794,71.95344870943323,6.326354777192369,222.0856143838505,blackgram
122,108,141,28.493537247206724,53.70240360683933,7.212379472412963,255.23004116587921,blackgram
67,36,192,27.71168654821301,31.998372368113117,7.903017315832369,30.149309899674233,blackgram
87,104,193,28.767497039503656,27.383744774292058,7.701023375076865,112.46988704626403,blackgram
95,125,148,22.708883417642344,95.99814346990834,9.37407888759613,74.835928026407,blackgram
36,97,169,23.220977556010848,25.086762008885984,9.526185222287184,152.90049499730455,blackgram
18,106,109,16.66756442933602,62.82913534195829,8.954589897437009,74.03502443925424,blackgram
113,140,23,19.210374476916197,98.52231674620131,4.9468946132747575,200.75696694006953,blackgram
125,121,189,22.058154514248027,60.01702326145785,5.30386915150043,48.820359079930235,blackgram
16,51,157,33.019602397995754,82.04988936389461,5.684426793831144,269.0081592688276,blackgram
28,74,29,32.296015933573344,48.322994915116155,5.469447625387437,54.19487725766863,blackgram
30,56,59,18.565378701517638,73.9434841435976,9.188656067756419,70.14508172168941,blackgram
132,105,129,32.632316002329496,84.87103531515697,6.3620353717545415,205.27562014325343,blackgram
41,25,93,18.45000721529525,20.83111480572863,5.031124293241855,136.5819994890218,blackgram
120,56,17,27.7371425827877,51.0853984159754,9.146025595815056,92.33909559732352,blackgram
125,127,62,27.574008358224557,33.65736823566011,9.291896126944346,161.65933620089672,blackgram
55,25,167,24.05327588166924,18.607992810476453,5.679473926966428,248.7490989267683,blackgram
48,92,50,27.670619609926387,96.90443971275191,5.3606131174860545,64.22410857920256,blackgram
46,58,166,15.815539389167675,24.41702394671206,9.636792397843994,257.6474206607584,blackgram
21,59,172,28.20084382514629,81.86128371318739,7.1330457790950765,173.84463218018203,blackgram
100,81,102,15.234712869503772,81.62375251748257,9.86530854807741,246.5683352162471,blackgram
59,5,89,35.73143962632747,19.42846020065863,7.4340595284671895,48.858600608968096,blackgram
4,122,143,26.105487952667424,75.03936047381139,7.2607294534459035,47.49349604256015,blackgram
18,29,100,16.323246699522606,34.99036074532407,5.494431009673289,275.1086552876931,blackgram
12,116,25,36.16620293344686,42.46088084801619,5.077141073088217,37.70971983162782,blackgram
41,73,105,34.00551408267269,23.13433041624223,4.885094968795729,242.59668313876838,blackgram
110,68,160,26.254694490654156,25.614493062630533,9.062364886572986,94.64909037732359,blackgram
67,101,50,30.570835922786138,42.51902656649684,7.9468352327769445,218.90894195789218,blackgram
2,138,203,26.228452888456133,18.72058484963019,8.182460805992646,157.0247186361545,blackgram
45,15,89,35.20905035973101,27.538530051401477,6.155869424399905,172.36163897123038,blackgram
45,137,81,15.691203645757923,75.76812808737773,7.571916679930585,190.50619053534334,blackgram
28,58,41,35.58845853664755,21.845108302028088,8.216772599697327,115.12834978087315,blackgram
26,46,141,23.263322154024145,15.337824258628292,9.378098889106367,161.65748639554897,blackgram
68,127,15,28.111360203684814,51.838346457165244,4.985764786770219,209.7743224180294,blackgram
89,121,63,23.385137131204885,29.32209792858517,7.902149102063129,159.75705748000908,blackgram
7,139,199,33.20660546718992,79.8455736099492,8.448384237266787,95.59480060516768,blackgram
113,93,43,20.269166121593692,73.26210709126129,9.497503740683083,276.97180101701855,blackgram
115,58,167,24.470435298940163,92.1859880760106,6.815958952363442,273.47907802000736,blackgram
79,24,32,34.20531918516453,83.98514855366494,9.249036570061847,240.21546699979342,blackgram
7,90,19,31.137564237694516,25.386818222175258,7.633877877923917,155.60929664337408,blackgram
1,125,116,36.786957449951245,33.711499835785105,6.829803445176142,204.73008722848647,blackgram
112,92,76,24.561158160777094,39.35234598983579,6.260731092883743,58.65577028564236,blackgram
57,144,54,38.09480795224725,59.230144689861284,6.024962296064696,49.11879706430716,blackgram
10,13,32,38.63138810407171,61.42331937495236,8.188508271342975,170.26374276630008,blackgram
136,110,183,33.96691369093312,85.02567302658974,8.651275686962318,151.69898283557887,blackgram
104,141,62,36.18330914018226,18.542372766906315,8.494331721577622,95.7322367977011,blackgram
5,61,90,16.572361850744596,65.66076097922671,4.569982910278359,146.2811673952077,blackgram
79,69,39,15.064342181975055,87.26936889571249,4.745524048854702,83.76940481705509,blackgram
38,97,60,24.75365405859108,65.3611210834831,9.392531988548331,285.0965844007951,lentil
127,139,142,27.740404618413336,92.27369748586085,9.606431344246227,90.30948336895797,lentil
67,67,122,29.82571893895371,57.148646604239374,8.77854449713373,198.13235938647023,lentil
90,122,106,37.54358078670169,93.02991558751933,5.01404048537513,137.7589683500302,lentil
57,57,154,36.540676066707135,97.03955712905925,7.0645982622027095,154.7516551065806,lentil
129,123,196,18.56427441779156,70.83877450503554,7.412750288436474,163.03070564391845,lentil
20,27,103,29.60630614485302,88.54975724717552,4.736060129857728,124.37499063344835,lentil
101,44,173,15.474161809869154,53.484031371983356,5.19777399777391,195.39260806282655,lentil
8,115,170,18.717483166823875,76.59320352735277,5.898767065134622,283.9053333513103,lentil
26,132,111,22.01242889090074,25.909206968852946,8.81173868864625,70.72407635411575,lentil
109,70,190,32.48556751020759,52.97592543136763,7.345186164015863,189.1569891163291,lentil
104,17,122,28.420053523905775,85.07778266501624,6.039423632643995,55.517457591348,lentil
1,118,80,39.866653794755,29.307279978671158,7.784285888306849,133.2220558372332,lentil
58,83,85,20.491254858111404,46.92079688917292,5.661469938081899,128.14621541100828,lentil
56,50,184,20.906443169861646,44.7671898934366,7.958509163011637,271.3552482857141,lentil
18,135,203,23.296862230864726,88.41326295266832,9.444154145759134,52.64224311490351,lentil
86,126,137,20.812274059289983,22.411501354717963,4.587829923003135,50.21923914009756,lentil
81,71,155,24.689849626393734,24.6241248724493,8.735634957416561,135.83069909225208,lentil
120,63,99,22.82929692180013,32.37861525097089,6.855701388681541,265.35532700407487,lentil
17,86,37,32.340500628390004,89.39916540664409,7.9813011421496,147.3976106826316,lentil
11,75,202,33.8260726648732,83.03454497054001,4.5708622007643696,37.53632869241762,lentil
109,71,72,36.05020247968851,38.98514911233421,6.406031110693451,65.38791337404426,lentil
19,14,185,24.305516531271508,50.90428703914341,6.635984237880911,139.93585364589975,lentil
52,106,18,18.69000279882275,79.5148733519124,7.097272111882225,275.04696022772947,lentil
67,124,175,18.209419979773294,45.70317323555009,7.600118201107701,275.7959024424772,lentil
21,12,68,29.01366089505656,82.85658549973716,9.172120242823969,136.4958549482506,lentil
87,52,53,23.965982237371257,25.150525658650402,4.546961141532793,67.88191146265126,lentil
119,53,171,36.37769210551614,43.37751527144937,9.60786116564428,246.40423515702005,lentil
24,137,82,35.928607000862755,88.62748862283958,9.177307703775673,55.69925397135567,lentil
56,128,200,26.90289501383906,61.12224310873722,5.270617927294917,163.04570066815626,lentil
3,125,203,27.863035707998215,19.784415562302115,7.778768892361829,169.97379025413105,lentil
108,116,30,21.12919613219691,30.766609698561055,6.1409671256585625,208.73090520797913,lentil
109,142,145,35.37652071178136,27.75688244552213,8.831515243808918,192.99197883374399,lentil
35,40,109,27.39542527492844,71.8461217664459,8.420896357161121,257.37575740182734,lentil
107,83,15,25.93474787418273,64.37289416408952,7.6625139691664454,181.76538516566237,lentil
50,25,200,39.179601740773066,66.51674558319134,8.6028714133947,215.08327426471547,lentil
74,77,106,29.579558713664696,91.18723271278942,5.70433035010579,120.18669971169236,lentil
43,11,156,29.35739014628675,17.750596778329303,4.806292899085643,151.50532241988438,lentil
37,27,13,39.10664976581904,97.55724210076498,5.53688335409666,230.95466480530462,lentil
118,42,90,16.805838508988682,21.31966044112031,6.751963071304601,89.12603233712547,lentil
118,18,139,29.334687284020912,52.25619547484283,8.791173311532697,225.7740921108534,lentil
8,14,112,35.782757018397525,91.68787842733573,8.695244625322868,152.28161306226977,lentil
28,125,110,35.945118653703986,74.5102222479119,6.0321733141887695,37.242325652685615,lentil
53,132,173,35.039688794250104,61.28804335162484,4.690141737807675,184.79650555333743,lentil
127,104,189,27.532563946845695,81.47751659641534,8.079783490223168,167.98394573154437,lentil
46,5,27,27.71243517189476,57.31345038641212,4.5447813815166676,254.21718411341703,lentil
85,38,84,19.127284268484296,76.5244803474819,9.256140615619639,104.4867105848847,lentil
100,97,23,23.21920907386873,34.25864922674115,4.719454910578938,157.79355629081877,lentil
77,38,106,39.02816185664105,27.275940863313796,6.337050546073248,43.071803935412056,lentil
78,128,197,35.632691018141486,15.635202186032897,6.04041273691489,151.42548588450745,lentil
136,45,150,33.60318768722796,70.62315906125592,6.4447409135019225,228.15807619170212,pomegranate
24,121,119,28.766340091537696,37.37003810715243,9.504188996889912,226.6216529673698,pomegranate
112,90,124,19.86668544134125,81.34848676550699,8.327737112897468,288.77435896876176,pomegranate
62,137,115,22.372556020634597,14.808694315643645,6.677449411565691,254.45000696557827,pomegranate
101,105,94,28.546652211038715,67.88744179725931,5.970461519384129,257.35584310846514,pomegranate
136,17,23,28.33163585365842,16.306101242435172,6.601601452462979,135.47429195065953,pomegranate
90,77,170,37.32232648338972,50.02619425166932,6.574945809307392,277.514896190079,pomegranate
111,78,74,16.68598287003524,81.81288070683294,5.775968400168895,108.02399502223659,pomegranate
24,13,100,37.66444856355648,91.31989659081111,9.83419023232981,125.29331720120939,pomegranate
24,121,182,18.149758903147447,85.9447551368737,6.294636686013874,278.0647264727309,pomegranate
58,80,189,31.69652847641789,69.27185258382839,6.921464049161673,136.12467468525526,pomegranate
30,28,188,26.622129955929044,57.84650549194201,7.132004787829174,80.58480220516567,pomegranate
91,91,163,24.78063877644977,31.324921899326185,9.449835024403143,71.4014114481628,pomegranate
136,117,115,38.049169169057116,15.614386010653154,6.961712107246277,263.6485984301951,pomegranate
128,55,145,20.71068823618063,59.09604879367806,7.262210803972638,32.501268046821075,pomegranate
113,87,189,30.29841968610367,87.98537679368049,8.232392167099217,64.92806660303503,pomegranate
106,103,19,25.467977347566535,52.066517367663735,6.8123117178016,148.17245121958618,pomegranate
12,119,154,32.67384440409076,56.757575009441815,9.170556213058605,198.72043496319782,pomegranate
128,33,33,18.03345799779858,36.830401053333524,5.221952929458436,231.9004724017216,pomegranate
53,141,118,31.22219102549063,30.605919151651754,9.745594604580004,175.0947785198017,pomegranate
112,59,182,30.047568896759746,52.08764044891609,8.07147722935097,69.6622367933085,pomegranate
48,135,152,30.2025909806306,34.73122535250363,6.696543465414112,92.30646871028343,pomegranate
4,97,88,18.511823488482456,67.5427636616556,6.5893670058829015,150.30087928594952,pomegranate
13,5,149,34.07813422685474,56.54384643536061,4.978929482499872,220.31352544901702,pomegranate
41,33,156,37.9605186835682,90.57398461395238,8.274070476744111,120.71853885070237,pomegranate
92,124,144,17.091408560060255,91.3736969867807,6.575557314803181,59.78218741355175,pomegranate
40,143,161,25.82501191685085,59.341300914691026,5.202256417046567,106.01560771136214,pomegranate
15,131,28,39.63852890355887,96.5113515987885,6.812607161745403,185.98997943252672,pomegranate
14,95,27,21.478366764727095,73.6722065820819,9.522670262701235,159.8971237344154,pomegranate
59,28,161,36.08901353793544,28.12653607480047,9.869435006644569,76.23423061630582,pomegranate
32,81,118,17.060475407367296,70.98127400397851,5.562139159486901,125.6437297114296,pomegranate
41,70,109,23.815896477974707,81.66491253994803,6.921388841516581,66.97344009151765,pomegranate
18,92,166,39.748700462440326,31.496924004496066,8.221254426516932,278.11055806991874,pomegranate
42,80,146,33.52007627319661,22.297453398267887,6.94027828610669,63.88582844430515,pomegranate
104,111,106,29.073921089829174,32.50176217453928,5.2785970477183835,206.72075817427842,pomegranate
5,68,195,36.102258571497956,31.589738874182654,9.84385866579255,225.99199504127088,pomegranate
71,75,39,23.404243848665065,50.124103490228364,7.368875090229218,228.9679896984575,pomegranate
26,54,111,30.027016651236078,48.17799841066792,8.539186299044236,62.087326977616264,pomegranate
85,86,89,19.777281387829042,87.634417731747,7.404499276326618,80.27652417778013,pomegranate
77,39,11,32.788035890525485,87.20730941359247,8.45122491898551,78.16598735248388,pomegranate
38,44,12,18.9029342222222,32.612933026085045,6.9665738358622935,142.7227732014944,pomegranate
125,23,133,37.98470536011664,87.79032411523585,6.875241629972602,229.09984492033175,pomegranate
5,117,71,38.32207210182273,28.257990795360914,9.425808406854255,106.825687018803,pomegranate
108,43,73,30.983690012573593,52.231451621843675,7.055138316114133,184.0585976467736,pomegranate
103,48,160,31.092597660400614,36.51458050855739,4.723948935727268,153.9035212990404,pomegranate
106,47,100,20.82498115398727,28.294297802482458,9.373675681604944,243.47230118671516,pomegranate
30,57,51,30.52887187911991,90.3207067718071,4.526650349165985,111.62791378113394,pomegranate
69,136,145,24.28374004575238,22.405660175880623,7.540597158894054,200.03508732107534,pomegranate
31,71,99,27.398433206664972,61.92747899131784,7.738695037347007,197.21706748526367,pomegranate
113,97,190,17.765903996332586,27.32518324194124,9.10184557649877,29.174701905369915,pomegranate
42,29,194,22.840047593855804,44.773314517662214,5.053028626967802,230.6580701603253,banana
73,86,131,28.065370217822096,97.33040489859731,8.1578404041541,108.96201947051574,banana
83,113,22,34.18675078058491,67.15391498060235,7.4673134648130475,64.19395637456734,banana
75,59,8,35.361650586271054,81.36678126049533,7.448973100150457,263.92480151294495,banana
89,39,144,29.308274241175464,58.87449173578807,6.209760602010122,283.5424586062367,banana
24,88,70,36.70516333051516,25.696509798119248,6.218029590736529,27.246670233678465,banana
68,75,37,20.503997557516378,86.05786192874706,6.309887833879386,286.1369812259429,banana
128,93,201,15.246431460337874,22.383596837415258,7.559271801926416,219.20370662874151,banana
57,79,148,29.899505251321145,36.54086521931484,7.193558924752573,256.1356078197613,banana
111,33,146,19.29737226554389,79.59640876443873,8.599512008868135,273.4042007542522,banana
114,74,95,38.65509466205656,67.2495853968484,8.954248550496816,234.90090741944272,banana
136,49,71,16.136162351087197,39.814064075991,8.367580543453034,240.57208856604805,banana
111,107,25,17.791817169165576,46.11834615999014,7.700726917436683,212.4036122383146,banana
112,123,29,23.723199716783476,74.07541498597399,8.527275849965633,129.13959526647434,banana
118,18,77,25.32314429689839,81.18406045859247,9.827300887286356,42.824432201573565,banana
16,113,58,34.83706422064834,74.86319467589247,8.867654454350875,219.85593807620157,banana
120,84,177,31.695238442262657,78.94333366317593,5.077130474079538,149.82866385306951,banana
7,68,20,39.06139271653473,33.57070122125362,5.617039960559936,195.6503083705353,banana
56,72,143,27.70320941505966,80.07438951048168,8.073406643316163,230.71464798140224,banana
21,17,17,34.030210735594835,82.10579706074519,5.6346491825429945,42.69267796439873,banana
30,85,188,15.803417090867153,50.35683577376856,4.810081157142676,261.226304432105,banana
107,118,151,29.335659461879587,26.615998644259722,8.907647830730319,170.77748667927875,banana
8,126,142,21.316653374502586,78.99697848781649,8.526423284301915,88.30418219143209,banana
16,83,185,31.411438719259134,46.200998794766704,7.329591949975955,229.78922086284624,banana
34,128,105,36.008974436643435,76.11675614235203,8.177704443164325,72.48670451131011,banana
1,96,33,32.66303465690129,80.36519798429268,5.654721516127064,132.84471397420035,banana
31,117,98,35.86471075625487,84.17777836336603,8.144517882548392,112.77016169279425,banana
80,85,14,25.30074118321336,46.39611331574272,8.15538967638593,245.84591443427888,banana
106,15,86,16.567382785067338,19.656730257442536,5.668020496984164,96.30262469199238,banana
12,73,42,39.01828103747933,84.10495016297692,6.916933268795558,111.84927998451707,banana
118,62,39,35.03320227807341,86.74199584718313,9.81779739666336,59.902896849346284,banana
127,49,74,22.901813687274664,85.85304316856684,6.540750658514964,231.37756967291185,banana
119,126,124,35.1935471626248,79.96386930667643,7.425314269892471,115.48330552877323,banana
16,28,194,28.26635853527833,81.04475659081766,6.69049325872672,203.7968324825879,banana
69,62,16,29.42008467608048,74.34455249536578,6.2496881493504945,121.72789291530198,banana
41,35,67,27.204308917179347,73.17660919115744,9.208282483027896,169.35305198086917,banana
135,12,113,36.01314576872354,44.250798299984055,5.777144798876262,281.33232005325334,banana
11,75,101,21.213430572651642,48.13486850248123,7.353115131421898,269.355268664509,banana
46,40,175,33.47088304365358,33.774620634287636,5.122293834582972,222.95830294355557,banana
106,35,168,18.85346855580819,25.682810530763604,9.888665334975755,35.26746756721826,banana
97,40,132,31.30188024017121,76.07789494751523,5.867751944396982,109.05551802456195,banana
7,113,131,30.82081845434612,58.88965334762564,6.17973880322236,218.3059171970941,banana
72,80,141,31.292992234376687,94.23966053216466,6.622550760591901,199.29746860178096,banana
5,35,204,38.98846917369523,79.54216188288605,5.551557187193234,207.17215563534418,banana
89,83,72,19.332063689480922,21.907879813377292,7.3277516366971795,236.2083211065669,banana
107,98,198,37.10712888650632,76.68226828633043,8.070169579524881,153.1730204343171,banana
119,139,68,32.27304557162203,27.8062255885851,8.826503598942868,119.76720733807797,banana
50,109,131,29.373769726043857,73.77807444754426,8.01823869597948,205.7930392633284,banana
86,27,148,19.48614825200668,20.815614343185025,7.704725380810253,54.880846689546104,banana
40,26,137,22.471439155656352,28.96224173655679,6.436809578363086,161.95284284638385,banana
39,11,118,34.094562257463075,64.13931640718025,9.535693951233633,64.59734586738585,mango
31,92,191,16.79514579624379,86.56444134155645,9.198836647183098,249.85559672821432,mango
137,43,149,31.94415685138195,94.488458464477,8.833963352556617,129.27145742914942,mango
88,138,127,27.404794914095778,90.31707533336454,4.845143741139617,50.09592054345741,mango
5,135,56,16.38565611779582,19.719907086986307,8.795053857940824,107.19321023392234,mango
35,89,189,15.102700913154239,49.54120380668429,9.210644459044607,145.0095636908989,mango
40,61,178,39.42209510856386,23.02999960899566,8.872141702916986,268.6357784315679,mango
3,124,159,38.957503688458374,84.97822815895802,9.401372525680278,142.76075651993114,mango
116,52,157,24.65421113727941,76.70615731745919,6.456097004427912,100.8894133673768,mango
30,93,96,32.17263305414816,49.360830779118515,4.996500911153589,287.2021553265437,mango
115,33,180,15.335894380569593,91.29336622005081,6.538039171159969,179.22928800610896,mango
61,77,107,30.19314367819842,19.630388329694952,7.544400541635983,125.60128629430771,mango
5,117,33,38.8622473857378,65.08425743979562,4.720878640908167,59.430901347376654,mango
49,71,198,24.195363054127583,40.675621015355276,6.824878827890047,257.63812833567897,mango
34,124,182,16.516128814951387,61.900049342925605,6.240232137914575,185.8441761647837,mango
130,29,157,33.96250269118983,35.13097292152018,9.09988420516981,280.5137753612327,mango
123,90,91,27.86154950613544,29.391698663653926,7.695257964567916,113.23227064482991,mango
60,21,22,23.087198562223495,78.31242731428823,5.55819985922706,44.494750895019656,mango
111,129,57,24.773341977843053,30.074558216619142,6.598522424300659,209.06748749585523,mango
0,128,36,30.040616146996513,54.6419050582882,5.849818203667142,151.18059640298023,mango
11,49,127,26.990813049093756,35.56739881227356,4.699831501993304,47.89569096237217,mango
98,54,20,22.012344039099023,54.99373487313061,6.464588300835264,184.4700324127717,mango
22,118,183,19.373833351763512,66.77563801535821,8.86314249357112,254.23461695328137,mango
57,59,38,35.343611346198244,35.080016889618115,6.829133270283451,106.22206530359553,mango
87,23,201,24.777397979006487,40.165012726435634,6.152254497412236,259.53590740427967,mango
120,35,11,15.5739948593989,31.34207846642272,7.566158793086482,205.7022304582425,mango
73,13,23,15.21679397306601,67.0733165166146,9.416014189342633,50.195315511420205,mango
34,27,85,36.65989001907186,89.43658872108794,6.085303423474035,215.1373337032144,mango
15,112,186,39.79741512936016,88.71322403102151,8.292973222059445,247.85651608029968,mango
97,86,95,35.887539009683216,39.9763343226265,5.67444135107223,143.30714127311762,mango
6,36,42,29.113475410760053,53.1565762591732,8.730784962822765,223.00175929680012,mango
56,8,194,31.270394966370365,43.95244598129248,7.657550511242448,20.525551268717397,mango
29,130,12,23.153136513371873,60.53538524974087,5.716696800866148,33.41715952839633,mango
19,57,75,16.931031388612706,45.988341351223596,5.247512476968068,83.61752252469891,mango
104,27,45,36.370080223182754,76.8789921089279,9.080060234572652,162.35200839428066,mango
37,80,25,33.30602810087023,24.962758678778055,7.549454040065136,95.26336460086375,mango
118,34,11,25.26158201674456,15.894166718250666,8.58713644765729,119.36884484052193,mango
59,110,94,15.719807447284266,19.888703784365315,8.748642439973992,267.23918795798903,mango
89,98,65,32.95796024762742,75.65043268830662,5.9026567603134215,287.37174610937376,mango
69,51,124,36.02408774020383,28.66394089115804,8.814257266452875,175.4066563737492,mango
42,45,106,22.92308100085585,97.61148139966517,6.066479219074573,53.94187397967875,mango
43,121,139,34.53259432654377,28.587608655378574,7.2394760219697645,127.49282420728801,mango
20,81,65,22.423138887174506,49.89017344472941,5.285675459347711,114.57655437706939,mango
86,19,65,33.743843797817455,71.15271794205294,6.113074243881367,204.22935451283544,mango
38,6,174,30.36053949667268,93.93827462051553,6.678460868893998,99.5172688099897,mango
94,109,71,22.77406841612622,68.44643841301128,5.457836525425964,121.0721038320485,mango
98,134,108,15.100926902588009,58.842357000861014,7.286105984322452,282.34899810851255,mango
52,22,161,24.294593703518036,91.05186538040088,7.139664788783863,35.827474685576895,mango
97,66,185,31.315437811805012,50.10132971560459,6.341841205458198,166.41869609565794,mango
38,133,101,33.278971009552386,27.362564118232626,6.3167442228979205,282.3430841963412,mango
70,43,42,23.31615574264551,59.887131970176014,7.693406448161478,97.13014940065018,grapes
13,44,5,36.782437223058714,55.570192108838704,9.740940227607206,140.6992834850374,grapes
111,45,32,36.247494063906316,83.78125144664921,7.4813319565650405,271.3788882080253,grapes
73,94,48,30.595174730736186,63.36050579659158,5.077856792638283,34.989340260793554,grapes
68,34,162,26.25981827109986,85.48287957704082,9.091976721975701,60.19493422637491,grapes
11,82,81,23.049521438059976,48.25480704900848,4.964779960774512,198.08539152394283,grapes
39,19,173,36.30529550101709,81.45250269377895,6.794568662612099,168.81210455979272,grapes
81,101,39,21.930626636708446,54.45506048585301,6.605961382969358,99.33211944387958,grapes
99,59,120,33.61993675514906,30.77327034173166,7.040960683509269,172.5629672811777,grapes
17,123,60,17.65343223336285,37.65627544816316,4.774129573891855,170.87827191525346,grapes
6,8,199,19.037069361605827,75.52739451120715,5.077616775997587,171.8537911276498,grapes
7,38,35,32.55387675323351,52.67621224149236,4.805354340207621,157.87424506397235,grapes
51,86,18,36.670196917818345,79.82793002941925,9.319515988013299,150.87878563950233,grapes
116,135,37,17.615533063352185,68.31254218652698,5.146506281122261,68.00342884523158,grapes
57,54,68,35.243559034479375,77.93618742202594,7.71765353122019,100.75747462733933,grapes
118,90,109,30.716577889734502,42.1111576603878,6.841382592385867,278.33213637672986,grapes
43,111,21,35.23040282604608,82.7475026212135,9.066764404204067,200.12219369090266,grapes
54,101,29,33.30962920415197,62.12707977191856,6.794300770651175,73.68592394442416,grapes
2,113,178,29.547274820640407,32.08314388466525,8.247204882865033,40.12657888611074,grapes
77,73,168,15.348211752380697,74.00654326408072,5.93057994911154,106.69886439496285,grapes
17,28,172,18.41123123553146,76.96987043859282,5.572491404583176,194.77235964032343,grapes
18,144,38,24.776604473832453,58.121034402179006,5.888184243053473,181.92815868350166,grapes
97,117,73,38.26132075324042,45.84407989750069,6.120507441849113,265.13905627955836,grapes
18,47,203,32.312661183166185,18.07175018330539,8.15535763536461,223.89491064700607,grapes
128,59,102,17.908133665310086,49.541336134851655,7.675921873729677,109.66262979976342,grapes
0,106,113,36.43103271448696,65.31529508573604,7.79424007507212,26.7692499250956,grapes
12,94,20,27.64666813605747,69.78000375237295,7.3491698410412996,200.9335477591369,grapes
58,113,49,25.26246317659747,84.52778098407421,8.107275034976348,183.37595486819515,grapes
119,30,65,18.219628746581595,16.345653241827588,8.192653314392555,185.86098706949988,grapes
105,53,173,36.226958965736294,14.949873109017478,8.967025982809897,94.3413031406181,grapes
71,99,180,22.16733314922689,15.69847265387224,7.005879039576913,187.6197009201974,grapes
10,9,15,36.092255560618526,24.947121663666238,5.845121939322743,165.5274702424483,grapes
49,45,151,28.129456856490137,73.17964882687735,8.234072571813918,198.21693619635033,grapes
101,71,26,32.642476890848464,70.65583169464556,9.257253007952507,177.71672008596286,grapes
0,54,36,28.356776004785637,41.28455606396557,7.299228247712016,97.0244229686643,grapes
102,140,15,26.845934979111743,57.363302938912426,7.21291612695844,196.24124547959119,grapes
25,31,21,29.280947838558745,71.5168615973886,8.777082578683684,107.27573728059775,grapes
78,123,99,36.890312193647524,82.08035344388392,7.607885760495812,30.227041664370596,grapes
30,121,162,22.335915884100896,98.0215622407159,9.825681759409761,147.6402802105352,grapes
135,30,63,32.25621738875836,69.14153210657572,9.831885788352254,205.50641227305545,grapes
6,143,159,38.13448438027926,66.38223371258103,9.680721693649128,270.65047296024073,grapes
86,37,159,24.522785124254735,33.33984845214443,6.288235868298926,287.41117494172954,grapes
87,37,152,33.68342408851659,96.82357769843297,9.340668265831745,45.44802136317649,grapes
44,61,27,31.357450623921487,31.295805981888904,8.4627835983996,97.75764437477315,grapes
1,86,149,17.6811024080821,28.310749201037666,7.169522565069157,215.20014639775658,grapes
42,88,48,37.324816958022,57.41856114542513,5.236692053725228,199.29400944122696,grapes
44,73,13,29.424395399244837,84.8804332093365,8.288748198518409,249.5854279464708,grapes
36,132,150,30.677813239885836,24.61905070444165,9.142264334359822,286.87565845571964,grapes
113,44,76,31.66633210844607,24.272900028783983,7.677920925657398,215.45656543874873,grapes
60,59,170,17.98471940830509,27.66014791150596,7.437757641276319,229.49803747312487,grapes
22,47,148,24.24225583627618,56.80603027038954,9.606346382252463,209.14206747225128,watermelon
102,103,183,36.89240963411889,41.68192190708904,5.67049315133373,276.0526685583632,watermelon
132,6,105,31.251642178554672,56.88136927453437,8.005598178115521,28.034691696109714,watermelon
97,68,40,25.54320209441752,21.97864299053709,8.945210450686105,139.3531456173462,watermelon
20,64,177,30.446536418471197,67.1737028761926,9.178175233850085,136.65857783936153,watermelon
14,7,71,35.04636535421082,46.45198674751447,7.67655444009459,226.95848707916554,watermelon
118,97,85,21.860544530076805,47.04625595687109,5.265315125494853,115.20946048932763,watermelon
59,129,181,24.45694888998535,47.92981576788162,8.965373496027187,227.40455530163433,watermelon
61,27,157,19.082775340644844,68.36165263869076,8.826331034473942,36.13428987025378,watermelon
10,129,159,23.448942146633858,41.11241883446259,6.105981719385003,160.24443834842003,watermelon
126,113,193,18.682277008417376,76.5377063899143,7.7426028794861415,31.095709175262538,watermelon
26,7,20,17.273211925227194,82.84890505640436,9.157225370764102,43.40866302546594,watermelon
25,6,85,15.604062991801078,59.05564985311873,9.354405814735106,70.070794590289,watermelon
67,130,118,26.827921122535322,69.8366311929514,8.21541308840473,87.904480811853,watermelon
75,111,124,20.814023679959845,84.99000526755145,9.338170240205425,32.60912236855448,watermelon
127,71,87,37.877772140219896,22.37246404990982,7.917972317313504,158.7359854688416,watermelon
69,115,51,22.355221673556773,72.08218474365894,9.322415786162914,103.32067150549004,watermelon
66,78,152,23.20546416417649,14.375727963728945,9.058746765671662,65.60002294823268,watermelon
137,92,77,15.963545814334754,68.5415787853412,8.78935643308809,34.32955502256446,watermelon
7,27,86,18.093514887817886,27.564050991087065,5.734533670232569,214.5115670007332,watermelon
16,59,33,18.785841044666892,81.16486486088634,9.403701974250655,54.71554869680097,watermelon
138,88,101,39.77505195349268,62.637031976043076,6.344239257847665,57.17053951273821,watermelon
18,31,199,28.087990278708673,15.917338358066274,5.8201210286132,68.0060149158692,watermelon
5,26,157,33.549908504632945,61.57863066753665,7.336176640758147,211.38480803415615,watermelon
127,49,154,39.43545121966384,29.093046595893586,5.279793357347993,211.57468864391384,watermelon
44,30,138,27.935644474463132,44.04472789258784,6.61649066105069,153.25157594855952,watermelon
130,132,35,37.12556926648859,67.90599308603382,9.383831338162949,120.22359975739059,watermelon
57,16,175,26.700857731461824,54.777813611785035,5.828116254498502,47.0238012642641,watermelon
85,83,75,20.105429804719314,76.91646828600138,5.008661471038516,102.07408109388732,watermelon
105,69,157,26.61510194221403,55.76974658149467,8.377462949947981,176.1844984765617,watermelon
10,64,65,16.0169797039751,76.70099331102175,9.67188555046604,167.59852983483702,watermelon
130,11,29,22.82563579559935,95.63603293443454,9.551145398788591,235.0512268771079,watermelon
77,46,133,29.119680853383894,81.50153274539899,7.362720636179609,180.23531918424231,watermelon
6,7,51,36.84297385707951,50.331351802027044,7.697040450359376,172.00556844400867,watermelon
106,94,16,29.175542139703058,76.80631182121742,9.058715112389605,88.63753957082565,watermelon
96,121,122,20.581662635506355,20.531729630293142,5.69859193348679,95.41042530323003,watermelon
109,136,191,31.90657559814378,93.06187798420304,9.038430460369804,244.2645920822981,watermelon
88,114,122,35.949820150111755,29.437069385193656,7.051093835691554,268.04989232531244,watermelon
60,64,33,16.292615828926216,66.83826029968385,9.042648439056917,224.04634430299083,watermelon
57,26,165,17.93386315654913,60.655248670972426,4.984377050123002,234.90909792776262,watermelon
90,7,191,19.120616641072033,65.0189726276062,6.316219456526168,69.22422387840189,watermelon
106,68,7,31.212171798630003,20.445094874106385,9.724491729639881,121.8510744652821,watermelon
111,87,196,24.323019980261506,27.12612550291267,8.499195830991429,200.7423037475642,watermelon
103,36,59,22.96922296188766,20.968094225929775,8.420742116961264,133.07084318196058,watermelon
114,112,85,38.55876517961971,18.70846872853983,9.374858516799515,129.2919361011761,watermelon
41,34,170,22.317280953960214,36.57646085301141,8.845563778839944,194.66462410810797,watermelon
90,98,179,34.92447641140723,55.04551800204904,8.634426399152328,189.2087927482165,watermelon
7,51,135,38.17265695541801,97.81181337000194,9.430374215256043,92.09342688441106,watermelon
81,12,9,36.08394532677179,18.20854558007552,9.038301749029177,68.38475510859138,watermelon
47,144,179,37.95237005954418,84.85308021151799,9.31055881216092,254.56550305588942,watermelon
4,71,31,22.327032352565944,79.53702993031301,8.481919441518068,110.3663249021019,muskmelon
114,91,75,28.162847107203675,42.94144391930446,4.706722388390713,197.3271176167913,muskmelon
66,114,27,15.734763347184442,84.32975838256311,8.796648189268256,187.78197333377076,muskmelon
13,132,112,16.67921585604761,77.86603405527309,9.22305977053516,189.1496197722054,muskmelon
3,132,14,21.751961495610463,83.70789391356146,6.663385195758245,136.52950172021113,muskmelon
43,84,201,15.884400657298304,79.21749291111978,7.1251498803778395,123.60755274947985,muskmelon
51,34,181,17.592145266702577,50.38802770207951,5.416309181454473,151.8688076593313,muskmelon
128,112,145,20.039904407460543,68.57282795076351,5.144702684185478,138.15878894209277,muskmelon
61,57,50,28.78793746409002,40.22566163553949,4.744198119614079,266.88581366266425,muskmelon
6,136,128,19.906226441767238,65.24292942303815,4.724141539020067,118.26616351586256,muskmelon
20,23,61,18.069530437816425,14.28913706371758,7.886465790028905,145.00236452449613,muskmelon
100,59,105,30.741168916327737,84.5753243169365,8.441171415677296,184.0050109082311,muskmelon
81,49,102,37.12841548050939,54.57525338354696,8.656645724829387,123.08260100254515,muskmelon
121,45,85,20.67729960959263,18.244805415734827,6.408044725004916,89.55356300618371,muskmelon
65,71,167,21.01585721112878,70.6213008340809,9.53854339504026,59.5543931442356,muskmelon
129,114,9,26.673357885701016,93.33062281350045,7.294446367363602,188.30358510238574,muskmelon
71,45,109,32.91412547601994,47.504663335675524,8.146253618804986,218.33010919325434,muskmelon
81,92,72,36.73815837213405,71.86730833902568,8.313442395042568,39.12077651814379,muskmelon
27,82,79,32.10228929633919,81.40455951616245,5.304325664825621,193.7038661392813,muskmelon
12,62,31,27.162112542836255,97.63317592629764,5.5712113599808735,241.03692143863103,muskmelon
86,30,64,18.911124394222703,85.88975336257514,4.577326957673902,240.92323994136535,muskmelon
14,9,150,39.90311371529302,73.38670783299847,8.23125798533889,46.57217227233458,muskmelon
39,74,126,24.079028224924777,72.95520256376736,5.025831937815342,109.5180066686608,muskmelon
78,86,194,15.814436546627324,24.21396387783549,6.387317786878542,214.60703981446784,muskmelon
81,103,107,32.599987251887924,93.96433436350138,9.037081882989067,269.11022857468885,muskmelon
88,7,51,37.59817444008437,87.9232789190892,7.7936771757823236,20.017746746629914,muskmelon
119,98,174,19.253799840416825,82.41599334387382,5.6567679449821835,97.98645349274675,muskmelon
17,42,105,23.408721982185156,36.40143841068409,4.939825196161824,172.30337398463166,muskmelon
73,37,111,24.22899108715783,93.68437324583617,8.479534139750102,276.8079389693741,muskmelon
54,12,84,18.075170555965066,77.38568817974267,7.291321212848375,261.24974238769397,muskmelon
13,116,201,20.845369780009047,26.38299157901784,5.1146841963934415,236.554995291462,muskmelon
56,37,150,32.99738748365396,45.304598066021676,8.21553419225569,164.0329794536088,muskmelon
31,10,195,34.2472199945303,82.12917724749691,7.302432778125339,126.88599936100869,muskmelon
121,9,9,32.203037090352986,65.2834673645595,8.617892752960392,115.26624009991448,muskmelon
48,49,71,39.68477905729348,32.49939289280798,6.313958777147175,249.4043726510698,muskmelon
18,63,96,35.546883839942446,21.41045020529991,7.648955563384729,279.4056581605,muskmelon
83,105,123,30.410818216133023,81.82623060484134,8.860796078942998,135.81541322356614,muskmelon
70,131,81,25.41159502064249,81.40081793317916,5.985392868564123,209.52454189864986,muskmelon
9,111,173,17.109220865776777,34.84508920003136,5.468343039727219,213.09515074801632,muskmelon
105,113,98,33.56466564613044,40.147570952490376,9.85094686703513,261.6154452920329,muskmelon
132,53,84,37.32333525314631,74.14334169127099,5.859194418634782,220.37392424353888,muskmelon
116,95,15,33.01671506913067,53.25501003798975,6.86495063643484,126.12410951423857,muskmelon
14,13,6,32.662299309339986,83.74760008245133,7.762027659974644,153.9189248498918,muskmelon
74,7,84,25.040466785524423,31.044565947676613,6.058288676825235,245.06513510033923,muskmelon
119,12,105,17.38822174104139,90.30751601422712,5.601204809956975,224.37446588873524,muskmelon
39,18,159,26.7387367087479,21.694944437391595,5.704996870228698,210.76656178636682,muskmelon
112,80,203,29.35143473516261,92.89468752972871,5.034023569362212,167.0379566346466,muskmelon
114,78,121,26.734018258922347,81.05345702744124,7.142467647563052,34.80507574319025,muskmelon
3,12,30,26.262297808794493,92.31575348900857,5.717271145605622,209.72525289131335,muskmelon
128,9,46,30.398233574832638,82.47011393819952,6.9057882738701215,89.16095963362885,muskmelon
7,28,143,26.636035786650094,38.66532904742895,9.660840220884017,228.0918070446379,apple
62,112,199,16.858341784227687,83.07817743559981,9.49329332876226,191.40543999801946,apple
75,58,150,30.240467655217522,93.67627707938823,5.45027047519162,251.20764746682474,apple
25,113,50,19.235591944614427,91.12114601878457,9.197650351846287,268.1561205143182,apple
139,5,17,21.32153424095131,78.81371192375512,7.889874803033268,63.195506504812414,apple
87,42,35,32.08620026629119,79.08020290738129,9.736257434508325,139.65892567107753,apple
117,36,67,24.004327142567128,72.62794093037311,8.915228139861377,116.62287254942692,apple
6,112,107,26.770161401911768,19.643734917290082,8.597895844951235,282.45617469663614,apple
77,46,151,36.497684568170776,53.86357927233892,6.853557249346874,276.1267474324798,apple
31,68,77,19.031652782222118,69.54071431250823,9.314324199160408,251.9775769871613,apple
111,19,78,27.416465872970683,31.122695703310736,9.680929253241349,214.8116088499897,apple
30,11,171,28.146804235388196,32.66848949735571,7.187496023178395,226.58545394063736,apple
87,46,200,38.00852849406177,80.23315571280123,7.745025849491942,103.54848193888196,apple
115,22,90,18.205201467840773,38.78324305079032,9.02929221777537,94.70938092086364,apple
12,135,116,31.59862095232895,70.35072504446464,7.832004098739916,82.2265614457799,apple
63,70,120,36.62918250990466,75.48302713178816,6.030231368962946,173.4830777862614,apple
28,22,115,21.5471717515671,83.82611472956008,6.7267856779818,136.92244707335078,apple
78,54,116,26.692275287955496,80.3149596383431,8.295836837057077,32.831907971535806,apple
92,65,89,15.531724114826401,42.17319300148872,5.976764893592871,228.56411603157127,apple
52,137,175,36.55078606057292,95.92010588645695,5.250475692143853,42.16643318319808,apple
52,64,192,24.580514437678193,51.71917634588945,6.390996867623777,74.4995107807701,apple
88,50,135,39.72437129592168,53.774833901749524,9.346191157438984,278.6556475519384,apple
108,101,119,21.86046790502121,76.10640406339587,6.747513008259147,75.07634818059272,apple
123,141,181,36.141363245625406,29.53245037832731,4.900027343799275,58.69318444479689,apple
28,81,29,26.97883500213078,34.909157222920236,6.479096200829015,145.56942287595507,apple
91,53,91,24.309339765448144,19.46777524422891,8.863823261033758,151.52470312738077,apple
122,64,156,26.010048082118832,63.569355829881985,9.25870757352192,22.28890483078311,apple
88,126,158,23.940825346069104,37.749058009295574,8.659967252002518,186.05510858005667,apple
81,47,157,18.945320993105607,46.18454100069014,6.638991861216189,53.789187043986026,apple
16,106,203,32.61024752693773,23.456494757466505,9.645790784149762,262.4368831804093,apple
102,23,135,39.471332706839455,26.247222733608243,6.274886028183551,25.26932754022538,apple
92,121,7,25.92166803690198,87.76682234544128,6.303650218041892,157.0237004525331,apple
43,39,107,34.2683840163451,40.34169314749504,5.958136033989901,96.6573519571823,apple
70,78,100,22.556187056107547,82.82408238263771,6.22873510318512,113.29823138451692,apple
122,37,101,19.846430107902513,17.89508451776683,7.241592927786478,284.499076299191,apple
73,133,184,34.00204032589074,50.80842996863068,7.490002859392154,147.36852035504927,apple
1,23,132,30.536359528881473,29.177945764175583,8.043347149197153,28.170680978326175,apple
105,90,64,38.81958621870198,77.42290542910108,7.843591444128224,262.6886981764419,apple
34,53,24,15.495724604847203,79.66147646078997,9.149381878593438,142.58210701644526,apple
97,50,17,16.04990253193228,31.53496914927271,4.770709575093118,168.44858644520198,apple
60,115,62,18.89869221598806,52.37972968343438,7.098634477774966,57.54435350668465,apple
29,97,96,18.50041448159667,88.85954404595687,6.538478844725697,20.790066910666948,apple
110,29,146,19.453119502536072,51.79462662455907,9.880523276243572,165.0592556268177,apple
76,6,122,33.74164176650673,81.01704856369601,5.672983128357839,240.7493506774859,apple
20,16,74,16.288224161938718,98.34586948565637,7.660359184284875,135.74230988114047,apple
24,26,128,30.845341964142808,23.366184035754173,4.999191332462857,117.39759808462877,apple
17,66,196,32.451602708877914,19.272157700099513,9.127812227673722,224.45534981357497,apple
106,22,54,29.641953990813175,52.92499750615082,9.85843991270514,186.8646855251124,apple
131,85,124,39.267076685195526,37.33231799510953,7.302658080267973,62.65889518938644,apple
19,75,148,34.28792856935268,70.28136379506165,5.83147513876091,162.1150928742161,apple
43,137,27,31.590582862911837,92.41241425295844,9.180100468371815,94.40753567677426,orange
22,116,37,32.99661026867936,77.84336497681866,8.96210720988695,66.49270255565365,orange
118,132,107,17.06743136477948,91.06968621473845,5.550374182195499,21.6558462890603,orange
23,65,123,15.216756463536305,91.34476946172789,7.3968076056287275,249.55961173115642,orange
54,8,54,39.44139147098248,34.84085286772972,7.905241786942785,147.8924820741124,orange
39,99,46,23.920644025808603,93.67664284956483,5.2490440755973395,35.76999653179005,orange
113,141,105,30.531592455826363,94.4283159470311,7.783498534830601,133.27678022262506,orange
9,77,198,34.63521446015168,31.210299229695618,7.118809825231171,229.060201514379,orange
9,9,136,32.50436742312797,45.01083565956753,5.219385342273355,104.40783048916686,orange
133,39,93,35.40180454496127,73.47540336137145,6.7476388767872715,22.836329461103034,orange
111,58,168,38.01201104431863,25.80804531373849,8.141701634824532,212.95241448069768,orange
51,74,8,29.7624021505371,31.299529199109344,8.918483138376107,132.32527807545424,orange
133,140,89,19.6759753882554,72.81065459783888,4.899812279766422,226.4137946949242,orange
120,136,138,24.42892232026751,20.648030829498367,7.644059231888957,202.284673250018,orange
63,54,28,28.533500572509894,81.75346540231594,9.057258285747881,237.474616572758,orange
71,19,6,19.010801610563597,58.36253200754981,6.556186538992919,178.15203753578504,orange
18,24,181,35.67529683696227,39.70280045677941,8.16560825597679,114.01444196341939,orange
103,12,200,19.7786757379523,18.079493052938794,7.800425891923561,277.6539964584608,orange
83,39,70,20.676268047125998,61.60896791635701,9.804437597606892,80.3565886941327,orange
34,47,139,18.54692188822508,47.83743875192326,8.643085504625612,106.80203778932065,orange
110,97,9,17.961984516919365,71.79984393033135,6.804253132679922,222.05547740973455,orange
103,88,83,37.75700553152901,54.6226852649786,9.26534693554968,27.44839596789981,orange
23,89,187,25.638935628503717,59.43694576987964,9.762259314240902,76.3305656494498,orange
29,84,34,28.766653128087583,34.86553012875146,5.515253958139958,32.361705672157804,orange
6,18,17,22.82134128573887,22.729288115099987,4.954993325517902,150.3432699795514,orange
41,124,156,25.039477143869963,65.63000456233567,4.662300302173439,258.2573855109645,orange
8,45,140,29.47781704871563,29.111869375923437,6.601060156253821,80.23086085602642,orange
81,38,12,36.18327254891184,75.23347121099212,5.5306825736280585,177.9747109427399,orange
59,100,74,37.80729672170266,40.844786282027954,5.794024632993092,244.69625167423024,orange
34,25,123,17.9634196776471,63.08738286195531,5.262502979405963,267.82066518070064,orange
73,105,20,37.85261482605084,80.09671579345607,9.043373653831681,62.69843820039374,orange
127,78,157,31.865862081352738,69.15900953710455,6.27448695436474,134.03730956447777,orange
40,30,91,23.20833027189196,47.06037469125785,9.792648213642748,92.42302201228611,orange
81,16,129,32.6057261416763,14.4356665966064,8.35231384367718,278.82376289277187,orange
71,105,45,21.23265719754852,28.607218601858072,5.122088453614557,80.47032181405378,orange
107,142,66,31.29494689754787,56.653222512279655,4.766658973586202,286.07789757289294,orange
33,39,15,34.23273696224354,71.21614971267421,9.462942306818332,177.2464324517917,orange
44,125,58,32.809055499415834,76.87475583608318,7.3284338920720264,51.95175965341132,orange
60,104,26,28.99314318558769,79.14238213725653,7.6628955127721925,121.98811923281596,orange
20,53,53,22.299265902124393,76.91959729902375,6.02280436864264,134.35332804603402,orange
2,90,150,24.2285330949375,91.71533262598373,9.453197754892045,132.22844707087395,orange
9,101,157,29.210460693998574,39.00926782757682,6.0616813467205715,214.91757524173929,orange
60,35,53,29.800087458831705,16.459979765288608,6.554578460705242,203.58910073230297,orange
90,100,17,25.348089283233648,96.75898413097312,7.828588528990854,108.24656448668253,orange
32,48,143,36.82843684247069,59.68515152805187,8.698686766211294,286.80755776857114,orange
95,32,20,29.22379683151377,79.4355077611349,8.669648044824593,222.50444755943593,orange
83,119,69,29.085076226967214,86.56068945844606,6.767120719376179,37.8562123736811,orange
137,33,78,28.373255762118884,50.45365510676418,4.787224473229657,137.41545553636072,orange
106,99,41,30.12644836228743,55.89700045687318,8.602459270443214,117.9154947930456,orange
17,99,65,15.899431401053056,16.29332605434755,9.372817859983922,105.79680377889872,orange
18,7,35,34.03684959837797,93.6849288349394,4.840418349697518,243.51731007065584,papaya
99,138,83,24.14417467652494,52.365391505723125,4.580050810432839,154.91977027389336,papaya
49,108,32,19.323305610128592,68.35014187102297,7.65410362134401,247.14312555891823,papaya
101,85,148,27.558567306679052,47.426711835215826,6.818022925320121,49.56763822775148,papaya
58,114,111,34.5184721070318,46.15123805329249,7.349782411532648,100.07548333724833,papaya
69,134,173,36.648034742089024,42.47493271635913,5.142102635941911,279.8380896509467,papaya
49,98,17,28.779101534939617,62.126275632962056,8.459582380007173,20.890930778693814,papaya
22,98,73,27.905565090745423,20.104555284825047,5.17453364969751,66.32983876706245,papaya
83,21,170,30.211913832093916,60.17304558496831,5.13172193898939,224.38693364594144,papaya
96,123,123,19.92434619200742,68.65355776529097,9.40732103726414,22.96103743856548,papaya
14,119,144,31.621862380700865,49.290645403597004,8.192875177137672,172.03247977379206,papaya
47,45,17,28.710098370723088,81.83570353868836,9.01072594636706,155.36918401964698,papaya
18,68,67,32.511002773501495,26.266374697439403,9.326906987498147,110.60521568473935,papaya
108,51,57,31.801315978695506,50.50460629071657,7.726186140450833,88.2061254628559,papaya
54,97,141,30.988126970895344,51.16846963176788,7.195956749265344,274.7993470786441,papaya
113,48,46,30.410212703758756,59.239211405595626,9.323974582623968,30.509378658937166,papaya
19,36,47,35.33521051323724,56.59187418903552,6.537636826130895,120.0323436178685,papaya
13,144,92,30.929486823110476,33.18428708182599,7.490004251004472,210.46457565269836,papaya
120,115,8,28.556910625468312,65.86611637405115,6.136641301778566,171.94294068269807,papaya
95,100,67,16.984052820272005,87.52575538398962,6.430354988496485,87.6677180267506,papaya
102,100,39,25.578455181018153,34.93135450426808,8.036976394734713,132.93966348094244,papaya
107,125,28,21.945265216118326,79.07454999179494,6.659389812668777,244.30341693494083,papaya
127,7,168,33.703021313759734,60.016329345949586,6.722838650064061,147.58302585765867,papaya
48,114,168,27.556949808884074,19.72017826533932,9.580007228303781,186.8976798519595,papaya
106,121,53,32.711885282369344,70.2251001757374,6.09978717416451,105.24088487278787,papaya
83,128,73,22.953287259183377,97.01633979004332,6.1742055682297075,58.93532631489532,papaya
78,15,142,25.172919405731403,82.84912197880993,5.612023143617762,185.34312587862104,papaya
82,98,9,34.69288456626145,75.40046250867209,8.479439576259622,204.38643297801298,papaya
48,23,25,15.76830695803125,24.214726250257957,5.11839055504507,73.09760685922534,papaya
53,32,132,31.094390736155198,62.11378027149886,9.431650656471449,76.80843799612285,papaya
88,88,51,36.97277602828418,79.82239469426553,8.299248203880474,67.43472800348835,papaya
115,38,53,39.10665848069327,47.557593295385104,4.543323516352397,84.24592562088944,papaya
49,69,151,33.78520487353109,67.65262012830974,5.94989985486942,216.3617142683238,papaya
132,68,94,27.839567436006945,98.2572568791133,9.694936172963525,56.863486632218724,papaya
95,114,50,35.3454279024717,97.24748322234382,9.498925303614323,35.88713696909122,papaya
13,96,18,19.380292693764552,65.66714126485091,8.76737849058394,213.0833267078214,papaya
57,132,148,23.87247759374315,79.14941992601092,9.301438195252489,123.88314960435403,papaya
51,11,180,33.52499566985908,87.95818223592322,7.201873379949481,252.84053430372308,papaya
129,15,71,25.423395215110094,87.32862940421379,7.7094274919369745,259.9818667688204,papaya
32,73,101,15.873533042996874,49.16047457987842,9.26514528499502,172.3244639422607,papaya
118,144,198,23.622093839512438,97.25173733543704,6.911896190353445,168.77988087846035,papaya
93,34,167,26.58797179808039,30.30584057267216,4.819797241761697,33.99954096973551,papaya
61,126,70,20.483457810048687,81.08774502279546,9.829863245481162,98.18717163871386,papaya
106,14,111,25.35176402361005,59.79926523304925,4.677498552114388,207.7938246095283,papaya
46,133,40,32.38020402149072,17.796792471246615,5.245226593075118,203.24758831082724,papaya
29,137,21,35.18904374018922,98.48569142247575,7.8064359795605585,232.25675912454923,papaya
85,54,160,33.989816579855635,58.768322696879935,6.260157878789151,30.8131900020109,papaya
32,12,31,27.088635196946896,64.15615875904582,4.866724870396162,243.90386825536748,papaya
123,7,41,32.68869851164611,34.60149156781312,4.679684824327842,72.21644996938818,papaya
36,58,108,18.57258131517302,78.38164123586463,5.030894282307013,204.69506263778308,papaya
112,25,194,24.332437986543436,53.22439153910813,7.198864900596627,267.1073327712324,coconut
132,134,127,32.638507311576795,19.7354132492965,5.083904418699487,207.17051726448904,coconut
113,101,114,38.99168828727709,80.69260818489556,9.381980266392649,187.11145073034382,coconut
9,8,51,20.30040476176866,66.1255242412382,9.705081848655482,91.99935697234166,coconut
54,37,152,33.08819147131105,17.19878015558486,4.721745577682946,249.54861869544578,coconut
63,103,50,15.332520248071505,61.2348323390566,5.449701529630389,252.89800400953771,coconut
27,73,124,22.785702857417707,83.3642788282319,4.538640015833885,212.2615851027265,coconut
101,31,109,33.28796095876997,47.908414379086416,9.122582619751238,168.04552017217625,coconut
110,34,143,38.25907560988208,26.207824902993238,6.471726613370505,29.947557383425583,coconut
123,41,112,29.36168508417665,74.62569383803789,8.976854876494638,56.36428972482581,coconut
21,99,55,15.229406405791574,25.937222408294627,6.793944191203897,156.76289954439798,coconut
114,14,31,19.678777581427745,60.974150438050046,4.678377028846793,25.68996726186874,coconut
103,10,37,32.98162588638408,90.17552114253108,5.133745203682718,240.47026736784417,coconut
34,113,43,20.04485288067861,47.27626253350413,6.969867944801342,197.26214458523984,coconut
76,129,19,28.327605500252012,41.40495112395005,8.631345764583063,135.76045703725757,coconut
89,36,138,38.65253645089096,20.260478808240205,9.10104716928483,139.8074048107686,coconut
0,74,167,17.220155448137024,74.78790890089081,9.649398257505895,61.361922471101906,coconut
1,52,156,21.3803731827215,34.40995061394967,8.12791241771251,165.02994351767433,coconut
25,9,43,34.34195611284313,61.233314438162864,8.977412351016499,215.22545718948916,coconut
44,44,123,16.439810879274784,69.60805820745989,4.5310056666338365,213.39108006168067,coconut
125,12,60,36.675625579704885,30.28631652648753,8.827633059726304,106.82301348384017,coconut
111,54,109,27.231516919987687,66.5263311024352,5.787945740813729,183.2839017086134,coconut
138,76,193,37.393632005722694,25.97149351486887,9.464828492567948,235.64584039101666,coconut
105,12,46,28.980398130472864,26.27471786322312,7.098637611501674,44.5843431170913,coconut
40,54,125,37.73332143784371,15.545787666827996,6.180901201351622,53.55991520714315,coconut
115,12,161,34.93488624274746,29.1231706906601,8.485420023715253,172.8996946674571,coconut
128,8,17,27.506435093993655,34.52718651571807,9.07995208264969,41.62483348422972,coconut
95,43,55,20.456652243902127,18.480179480511968,4.589469542981808,79.46880140844696,coconut
45,63,52,17.03347535582728,55.065357468192914,5.041903916492929,283.44726910347805,coconut
33,76,99,28.20273978597089,38.45023690098313,5.825588496296971,245.1494820664805,coconut
137,37,121,16.723045629587055,71.5660692113901,4.8095313822819055,83.01144305362305,coconut
98,45,152,38.20838232315881,36.3388021754645,7.082323296972655,183.3734601453116,coconut
65,143,42,31.867855381087598,60.701820796864666,5.523939525361463,263.0568774806353,coconut
67,138,121,35.503037409259456,87.73114598424412,5.943334301496741,167.65595374251313,coconut
123,25,179,27.69507298479235,52.19322394929093,5.119563048687889,49.07075703834208,coconut
43,106,135,35.70605919061728,96.11759293884748,6.153437556889768,216.2979099280703,coconut
117,7,172,28.708017574020047,17.5160801063218,6.528016982508959,236.7642087376068,coconut
64,125,190,28.889053122491195,58.12974376923529,7.630680847792777,188.23439662070328,coconut
77,126,57,16.341323672453363,71.64484933139558,7.437394965886993,54.084822933519376,coconut
7,76,176,24.145291351515063,34.734482352805486,6.350474043586457,217.11785081140135,coconut
63,135,44,20.317387916286098,83.19336537948172,5.265809083081711,177.53336465151708,coconut
134,84,27,37.49804099173439,55.14116893107124,4.812005045931775,82.78906088474031,coconut
45,125,147,16.631091208829726,38.87773494654805,8.484010694244944,130.5130727531738,coconut
13,33,66,18.611626845870916,95.2872406490973,6.905383382391585,77.86767394808867,coconut
46,134,142,20.9132728465265,98.60305722814367,8.159854078359961,79.89017496597451,coconut
139,32,42,16.81884667877496,39.588952455488226,9.12722419716166,260.06621514372483,coconut
88,37,104,19.30279696706819,42.181961746990204,4.564360456317418,185.84331735545823,coconut
116,45,75,39.675873996917844,72.7102110198628,7.901707939696861,82.9561493638126,coconut
74,87,121,35.0942358402281,14.21074675244423,9.098764423705125,30.50413932935906,coconut
106,85,166,15.212038889779937,33.265645521252786,8.510540332503753,64.54035739527984,coconut
66,40,107,15.476029210138803,25.38281203604315,6.637829953756907,118.9309590614331,cotton
29,103,55,27.046644329350833,87.90430053236092,5.172144531793007,118.95617832267128,cotton
111,108,161,36.148894106130044,22.481136035020413,4.995706733082713,225.14051712123776,cotton
80,24,204,28.908106288978768,50.44725902575072,8.319552681308172,139.11802662585737,cotton
3,136,167,25.949344695525046,53.833748863172616,9.437440340686818,141.04667454044565,cotton
52,127,83,19.049256204027504,48.10024033509609,9.21956594780568,149.80913604178994,cotton
73,61,32,21.17041429021194,63.182712481209066,4.753656533382068,124.51423288757398,cotton
22,104,97,25.97125868542462,15.139624423001592,9.400002597636806,256.8598103853777,cotton
61,109,153,22.073847901036416,22.88304978575991,9.866602743535752,274.37953647510085,cotton
16,138,195,24.703955167456193,53.35713782495301,5.670626539527642,178.72077168631645,cotton
19,127,49,21.385685942066104,86.90646796480219,5.210544450483416,77.05932018503837,cotton
100,57,123,24.01114551636494,74.06954786007843,4.600123832820794,206.43698844256716,cotton
111,38,127,21.061356829591386,67.98569464605478,9.337942178459805,109.99612631533684,cotton
61,85,134,25.389784543459815,50.76182175841776,8.13630371794472,87.12695623647157,cotton
93,30,114,36.04879259341292,30.015990196384102,5.407363209436904,22.979785827235105,cotton
48,136,79,37.398718479033825,19.55871934903239,7.966418868913613,126.0614217459508,cotton
48,95,25,16.19565883991616,20.138952958278338,8.96125199192508,82.61942723332288,cotton
111,90,10,31.271970630829067,19.85167846842583,8.863220568116635,183.96368627004688,cotton
18,10,85,30.172618410317003,50.41523639312727,7.130717637464482,274.32861987192234,cotton
45,144,197,32.091305354015944,60.715214415745194,8.08716854584833,159.50002960647979,cotton
45,98,97,18.210729013817375,83.59892847463288,9.093420717518137,22.951745994755967,cotton
20,129,138,30.921818170868963,70.2725299056583,5.381420753601651,40.35328206115599,cotton
104,46,19,24.530060409141534,26.20970137271215,6.246040476796639,124.10095356753824,cotton
72,135,114,23.889664004218034,63.38700165349469,7.0770249418134235,195.2901012669598,cotton
79,91,110,26.744604430289606,54.0976605723937,7.516141100585609,197.74404971713278,cotton
98,32,186,35.522820581082044,92.1580275597766,8.616519400788265,141.82428865908264,cotton
138,53,102,22.513371960959773,87.16865212110926,6.4449068864420545,151.04777943185175,cotton
102,55,82,22.45027785791315,59.184063585813306,8.409269074322628,131.69274265128894,cotton
70,135,186,23.965891276595958,30.70939636552256,5.551242720496638,72.89161301802666,cotton
10,78,167,26.31923769883359,59.10542355820005,6.61199764911115,35.0135132021493,cotton
96,73,162,31.216959740558334,71.16760068911843,6.733601672864199,208.02231661846054,cotton
102,63,164,27.286187624784063,28.076146458750703,9.031506011164167,147.86922419422746,cotton
46,112,116,25.766749865707283,65.07354667046907,9.33524690767149,167.23198058042675,cotton
117,70,140,26.011452135800795,64.53664584168664,8.262281219020473,66.52450749921528,cotton
131,18,193,16.824606602547295,49.0484273693614,6.290635334108249,105.47297551853592,cotton
65,42,135,39.966904212894924,48.585712637033375,7.233742636056193,253.5134661336291,cotton
60,25,45,36.80845557968219,52.71394936217132,9.834157986095644,47.52021927670473,cotton
83,75,77,36.28134182274177,73.1463205027583,4.594998980658997,146.58427439128062,cotton
74,129,193,28.91993523166247,40.96179153274266,8.179030133284444,165.33760412324088,cotton
32,105,118,33.18493062662843,80.69088976213334,5.590259171614572,153.83987317053771,cotton
7,52,36,15.342893182513887,61.415691765380544,7.611365095303435,225.35888366514732,cotton
50,126,6,31.987035168734472,72.27063689253062,6.177280208713573,150.462673728308,cotton
15,8,104,17.040555640872938,65.3322143545377,4.7696574028964465,234.23135756138117,cotton
2,94,48,17.870897514266318,32.17291340815553,4.627751603764805,222.55562588447663,cotton
5,37,112,37.622484722223795,53.51411981191035,5.235831097611379,261.9093165442459,cotton
76,83,5,17.050005517603502,64.57101126061146,4.649558768268212,54.33900461692202,cotton
12,32,118,32.5056155439344,49.017023182238745,7.225643783920499,51.41572844900996,cotton
45,115,180,38.59328593271994,70.88466943941556,6.760626262621837,272.1360002198937,cotton
31,100,91,20.603277294145833,36.91158768446749,4.8309707651746265,42.2246591675272,cotton
138,64,89,24.473298795269958,79.8458488249688,6.309076464394142,122.87507093890926,cotton
101,48,103,36.17220713002661,45.406986177560896,5.946514705693193,235.9692151360252,jute
67,80,49,37.974477973921445,79.824953699726,8.814948007201629,112.38001222172959,jute
2,17,31,33.02812853112481,25.676415974660706,9.820345347389466,109.40032048773399,jute
52,87,132,36.61806009094868,84.80269866281424,7.814899635114804,282.91284554028755,jute
89,135,155,30.840210473489993,54.87311278878301,6.438033075091126,200.90989333299044,jute
45,55,42,18.13096613393949,71.09146176327606,4.81608184399639,262.18598751536774,jute
139,79,103,30.25181087701949,33.458946862829485,4.851565301655858,27.44943880119203,jute
109,106,193,20.806509773217975,87.82131736443614,9.08052839931706,48.84810007939166,jute
50,30,177,20.762889502676245,43.37354993559612,7.446102832096677,192.89111157762312,jute
72,73,130,18.55038922182009,92.05033054724258,4.606520975180979,177.95548150272398,jute
104,46,118,39.96067948781344,30.21982491678981,5.920721810496159,215.18703662264696,jute
100,51,55,38.48802033279555,79.52122697103391,7.423773582095884,184.1716061778566,jute
22,61,24,21.67432242256699,52.825064953532866,9.126838082608577,248.25916368323314,jute
30,107,11,34.81064606518211,85.9538625892652,7.718684008055692,126.59283956326883,jute
82,136,161,35.85574364512483,76.87525521103225,4.93020504782014,188.14823382106587,jute
102,28,40,29.17958724717929,43.42620425906129,5.228314397865204,282.6490933047505,jute
34,9,132,16.85718958200879,31.740876656768762,8.210596236507234,256.49382664690324,jute
23,120,85,19.755527798878607,91.58207550927315,8.793481370237139,39.570324454500046,jute
81,53,6,39.04599032963617,35.34516508823495,5.399615312224123,100.96763456945575,jute
17,13,110,17.3664513712645,98.86799590313905,5.683879393073783,226.5134319392895,jute
1,77,132,28.660378680489465,96.91230821050866,6.4711162946818686,50.13170276771915,jute
113,25,57,34.61234977693434,93.77197360028735,6.1518324312428705,94.91565456376392,jute
54,110,33,26.086931634981518,50.68962050239298,9.684123161486772,212.27778922988495,jute
98,52,94,28.002490184844383,80.01588204947895,9.800116433768217,210.3919324194606,jute
120,46,65,39.435557605214555,47.982633480787236,7.36129858531862,102.22664262117227,jute
15,99,195,16.872726765465764,56.32647120262975,6.041343327112294,103.35670731325301,jute
32,9,203,18.031298071535552,59.37230928785712,7.104530118128569,250.97217103969643,jute
91,117,200,39.97381438410354,15.33138653169874,6.259163472627063,209.36001407515394,jute
91,117,83,35.682706673023496,74.96094242637402,7.076742206911693,217.11768916727144,jute
139,30,32,15.948291613218396,45.03111222842517,6.760123499660446,219.15562203786246,jute
117,94,28,25.61936084872406,74.29168224456649,8.888027335013248,99.11192282951917,jute
19,42,189,33.945621536601486,65.50935246338847,6.332125549503144,280.89675132750745,jute
1,93,13,18.876312871936072,28.500816338400483,7.4373230225330325,50.83676747753368,jute
43,15,129,27.262499549551034,20.001535203429718,5.005207238881789,48.35011038745697,jute
69,22,17,30.16816572240897,91.88510732328476,5.792887813091669,287.5315894261688,jute
139,91,172,19.09908087927344,89.9031574737055,5.870232814876785,281.2333094916906,jute
29,34,81,17.22076607051101,58.16954455620526,7.197620693016,153.83250892632026,jute
41,11,93,18.9025710599375,19.113719158069713,5.33043582376934,142.35647675642005,jute
4,31,137,29.162568823092396,42.991291851982915,9.567292721952997,221.74468601648928,jute
136,38,196,38.83874085464768,94.91432988774639,9.861380092127565,241.53413555172935,jute
122,62,183,31.20899822911889,75.16265202531089,6.889048591223384,138.75716219481498,jute
32,71,181,30.301934826039552,26.902748801107357,9.54079564345886,158.49879370826199,jute
20,7,170,20.141081660325433,72.8910323753069,6.563628499192278,21.166415159684735,jute
28,113,70,17.425758947044933,40.52862129674233,8.227682530747208,210.97941525456676,jute
103,25,72,20.99252985921879,52.22064903929859,8.650871200219314,126.03631230206133,jute
4,81,164,16.251671216766706,37.50799668402266,5.569124369659343,282.69629549716984,jute
32,87,86,32.005548133447654,83.1437129718473,7.791995579655739,81.68294409990142,jute
8,126,73,18.144954517198887,95.76324486492608,9.850830482978699,185.36264954819978,jute
139,6,197,30.60491274880925,46.71950117573338,9.221216053618692,27.62244246056757,jute
111,56,153,34.060278498677974,27.878650740611192,7.657955568632859,289.8038360979088,jute
131,104,201,21.015175279492787,18.078000402309783,9.434579198644169,96.28315596934182,coffee
27,39,137,31.5420895838833,38.67930137476034,7.143138133386192,148.42927419376653,coffee
9,78,140,25.022834342656182,84.22753886611808,9.043662697304198,236.04667173099062,coffee
60,86,126,36.2315176574925,30.026121920149933,9.157582929533834,46.13355736685374,coffee
70,22,19,17.25233041124468,63.23019938921085,8.840325060077552,36.03906407669527,coffee
80,94,197,25.112444272669123,47.73381078338629,4.570372320971384,260.98019582221366,coffee
34,137,62,21.78455651936603,53.40854748843416,4.544226058795038,214.4701390718822,coffee
40,66,181,23.660280667199522,16.53060544155322,8.8910088343085,157.66070721340344,coffee
101,78,148,39.66173496222216,25.235108829701726,9.275839499572228,256.05761490259863,coffee
77,82,94,27.131555274653174,38.03178435181878,9.234151279148875,34.31652567688578,coffee
72,140,47,24.453804146728643,60.90232188637058,6.950497779236488,242.574192629974,coffee
89,91,189,31.71255382073477,44.345282299392856,5.450619697863589,104.24577728100822,coffee
96,139,130,28.373875689751717,45.36977595992386,5.3328557939399,177.30657929519822,coffee
99,87,19,32.545744603476784,42.385670214964485,7.632900528814444,170.00575483981004,coffee
0,91,43,28.614050756597564,36.70806975458615,9.381442543867884,71.12883961269405,coffee
48,22,37,37.582211308155614,15.537539508522325,5.71616698587496,251.07377252391683,coffee
11,12,175,22.607645780520038,49.51367724697043,4.895114708463022,140.1046159432335,coffee
103,91,189,23.442073171494147,28.69389410404096,9.171404842200738,114.11233186741411,coffee
51,7,187,25.245429097781347,40.836634001651056,7.361311234151187,228.49554658627656,coffee
114,139,131,34.59072136285031,49.0165194511088,9.59940675822869,95.34145364247287,coffee
38,143,191,32.73990553639591,93.67296548812358,9.51717660087512,124.51906455029555,coffee
111,38,48,30.46716820973158,65.2514337556006,5.628715039948391,99.2698203767373,coffee
78,108,137,25.450559564062587,72.41714515218523,8.282720769111444,183.96176791425634,coffee
7,43,162,37.146432011232285,24.80332715341428,9.89526929141958,278.65600552204,coffee
87,107,178,22.260089256369618,51.8975870056905,9.416529932228906,209.2899692618313,coffee
43,6,180,30.580885615897827,80.21919482583814,8.014658487563402,207.5212951410546,coffee
63,41,35,31.12646463513016,94.68723175826052,7.100110825641476,199.4660295985553,coffee
16,142,50,37.36523341741271,77.77827994296709,6.32252501430333,60.77266700123497,coffee
79,48,8,15.194077444388013,57.067984292488426,6.578860408221039,158.36997819751997,coffee
16,87,31,33.271015809799934,94.34337834939926,8.636847174336808,201.13035031747148,coffee
104,34,120,25.847695121996377,23.16113838503969,8.983077531697425,69.32700710002413,coffee
19,136,25,24.897022546365402,36.21307023981675,9.257835048891478,210.822221242981,coffee
42,64,172,27.136988467509397,25.927747280238542,8.123049143274908,129.02465776435727,coffee
138,61,163,32.56222459682404,68.65057052872154,8.519195460256912,64.22039311178577,coffee
64,64,48,28.195430587350312,54.008165557224125,9.392424305093895,270.04441573782503,coffee
54,119,60,36.99469533289681,89.89869715076185,4.669803227232103,109.30241647844905,coffee
51,31,122,32.49043734678377,28.930312524567942,9.269508712138624,248.8516023245146,coffee
62,27,157,38.03384643041415,15.814603291077981,8.372637603232736,146.75918073155836,coffee
32,83,37,29.986330141850992,81.15520883788578,6.785262778583689,120.2442259269404,coffee
131,92,30,27.633315950797787,46.07053878238246,7.375604023740197,198.94831848815582,coffee
89,142,199,26.729357975311753,16.776082289902817,9.467047281930027,174.43226858483695,coffee
4,126,83,22.02200607399745,51.60887004494364,8.484460061893419,108.25347989963028,coffee
30,7,32,17.276923765659273,92.62872936029773,9.38083582629854,145.1712664847944,coffee
58,95,69,34.19021890809566,38.70650147985445,4.84948415274041,258.46263274109447,coffee
70,103,197,22.322411083350616,89.72633514816975,5.243678119224983,92.53335288535546,coffee
0,144,71,25.558887057023234,44.16468449654448,8.189956978926928,102.96932075104955,coffee
14,76,143,39.0788842711833,89.83196065584065,4.677194643111239,257.2252436525564,coffee
86,92,178,39.712530271955806,92.85017840244222,6.257117585904859,57.495618899439265,coffee
18,72,97,26.905859439270632,72.75514921808282,5.9344478187371,75.24266308166227,coffee
20,55,199,30.24422511455215,85.65860154696574,7.4729203529201,261.296991446559,coffee
